Run_nr ,Alpha ,Delta_Pb ,P_bar   ,T     ,rpm    ,rho   ,P001     ,P002     ,P003     ,P004    ,P005    ,P006    ,P007    ,P008    ,P009    ,P010    ,P011    ,P012    ,P013    ,P014    ,P015    ,P016    ,P017    ,P018    ,P019    ,P020    ,P021    ,P022    ,P023   ,P024   ,P025   ,P026     ,P027    ,P028    ,P029    ,P030    ,P031    ,P032    ,P033    ,P034    ,P035    ,P036   ,P037   ,P038   ,P039   ,P040   ,P041   ,P042   ,P043   ,P044   ,P045   ,P046   ,P047  ,P048  ,P049   ,P050   ,P051   ,P052   ,P053   ,P054   ,P055   ,P056   ,P057   ,P058   ,P059   ,P060   ,P061   ,P062   ,P063   ,P064   ,P065   ,P066   ,P067   ,P068   ,P069   ,P070   ,P071   ,P072   ,P073   ,P074   ,P075   ,P076   ,P077   ,P078   ,P079   ,P080   ,P081   ,P082   ,P083   ,P084   ,P085   ,P086   ,P087   ,P088   ,P089   ,P090   ,P091   ,P092   ,P093   ,P094   ,P095   ,P096   ,P097   ,P098  ,P099  ,P100  ,P101  ,P102  ,P103  ,P104  ,P105  ,P106  ,P107  ,P108  ,P109  ,P110  ,P111  ,P112  ,P113
     1 ,-5    ,  145.72 ,1008.94 ,23.69 ,919.62 ,1.184 ,-87.51   ,240.07   ,296.85   ,167.54  ,86.79   ,41.52   ,7.71    ,-13.55  ,-24.66  ,-34.21  ,-27.83  ,-44.81  ,-50.44  ,-50.84  ,-54.27  ,-46.79  ,-33.94  ,-26.78  ,-16.19  ,-15.46  ,-9.69   ,-2.78   ,1.06   ,-1.03  ,27.15  ,-87.6    ,-584.95 ,-548.47 ,-307.21 ,-211.35 ,-176.07 ,-150.48 ,-130.8  ,-116.61 ,-104.11 ,-93.66 ,-84.26 ,-76.73 ,-67.59 ,-59.81 ,-52.52 ,-44.42 ,-35.93 ,-27.13 ,-16.92 ,-6.97  ,3.54  ,14.33 ,27.15  ,306.28 ,306.33 ,305.07 ,305.69 ,306.75 ,306.24 ,306.01 ,306.6  ,307.53 ,307.61 ,306.91 ,305.14 ,306.22 ,306    ,306.79 ,305.54 ,305.99 ,306.46 ,305.87 ,294.69 ,267.73 ,245.91 ,239.15 ,254.97 ,280.72 ,298.88 ,305.97 ,305.92 ,306.8  ,306.71 ,305.65 ,307.92 ,310.88 ,314.29 ,310.76 ,309.51 ,309.2  ,309.24 ,307.26 ,310.28 ,307.93 ,311.82 ,309.95 ,308.39 ,308.95 ,312.05 ,310.71 ,312.01 ,15.79 ,13.84 ,15.08 ,14.91 ,14.98 ,16.23 ,14.85 ,16.58 ,16.75 ,16.47 ,16.6  ,12.73 ,1.9   ,-0.05 ,-0.16 ,0.03
     2 ,-4    ,  146.58 ,1008.95 ,23.75 ,920.04 ,1.184 ,-1.45    ,243.15   ,278.13   ,137.18  ,58.26   ,17.73   ,-10.72  ,-35.47  ,-42.68  ,-52.57  ,-42.88  ,-59.11  ,-62.42  ,-62.23  ,-64.24  ,-55.05  ,-41.89  ,-34.03  ,-24.25  ,-23.26  ,-19.05  ,-12.5   ,-9.54  ,-5.88  ,31.06  ,-0.62    ,-557.34 ,-373.51 ,-269.24 ,-204.26 ,-163.26 ,-129.25 ,-109.25 ,-97.61  ,-87.75  ,-79.98 ,-72.96 ,-67.09 ,-59.1  ,-52.41 ,-46.08 ,-38.97 ,-31.1  ,-22.89 ,-13.2  ,-3.34  ,7.17  ,18.3  ,31.06  ,307.79 ,307.8  ,306.47 ,307.22 ,308.32 ,307.75 ,307.45 ,308.17 ,308.99 ,309.17 ,308.5  ,306.56 ,307.75 ,307.51 ,308.19 ,307.02 ,307.44 ,307.39 ,302.95 ,284.71 ,258.43 ,253.02 ,267.57 ,287.91 ,302.84 ,307.62 ,308.56 ,307.51 ,308.24 ,308.22 ,307.04 ,309.45 ,309.4  ,311.89 ,309.15 ,307.88 ,307.38 ,307.68 ,305.49 ,308.52 ,306.16 ,310.28 ,308.21 ,306.78 ,307.27 ,310.32 ,309.11 ,310.22 ,14.83 ,13.73 ,14.9  ,14.58 ,14.49 ,16.17 ,14.38 ,15.9  ,16    ,15.49 ,15.59 ,12.79 ,1.02  ,-0.05 ,-0.12 ,0.06
     3 ,-3    ,  146.46 ,1008.95 ,23.77 ,920.15 ,1.184 ,-1.4     ,243.24   ,275.17   ,135.97  ,57.76   ,16.85   ,-10.73  ,-35.39  ,-42.89  ,-52.78  ,-43.24  ,-58.32  ,-62.34  ,-61.88  ,-64.67  ,-55.41  ,-41.82  ,-33.88  ,-24.25  ,-23.37  ,-19.26  ,-12.57  ,-9.29  ,-8.5   ,30.35  ,-0.6     ,-553.9  ,-370.75 ,-266.63 ,-202.84 ,-161.48 ,-128.17 ,-108.66 ,-96.94  ,-87.13  ,-79.4  ,-72.42 ,-66.6  ,-58.7  ,-52.11 ,-45.84 ,-38.75 ,-30.99 ,-22.84 ,-13.22 ,-3.43  ,6.98  ,18.02 ,30.35  ,304.88 ,304.88 ,303.81 ,304.32 ,305.54 ,305.04 ,304.75 ,305.35 ,306.14 ,306.25 ,305.59 ,303.69 ,304.9  ,304.63 ,305.15 ,304.27 ,304.68 ,304.73 ,300.1  ,282.15 ,256.46 ,250.95 ,264.22 ,284.12 ,299.27 ,304.66 ,305.87 ,304.6  ,305.58 ,305.38 ,304.25 ,306.43 ,308.61 ,311.31 ,308.42 ,307.2  ,306.68 ,306.9  ,304.87 ,307.87 ,305.51 ,309.36 ,307.51 ,306.16 ,306.64 ,309.66 ,308.21 ,309.48 ,15.33 ,14.87 ,15.97 ,15.51 ,15.24 ,16.89 ,15.67 ,16.46 ,16.61 ,16.07 ,16.08 ,14.03 ,1.54  ,-0.05 ,-0.14 ,0.15
     5 ,-2    ,  145.92 ,1008.9  ,23.83 ,919.91 ,1.183 ,192.26   ,231.77   ,215.1    ,69.7    ,-3.83   ,-32.92  ,-53.26  ,-72.1   ,-76.02  ,-80.45  ,-69.64  ,-79.92  ,-81.69  ,-77.85  ,-77.14  ,-66.71  ,-51.09  ,-43.9   ,-35.42  ,-36.11  ,-34.96  ,-30.17  ,-20.09 ,33.88  ,30.25  ,191.26   ,-221.43 ,-202.1  ,-159.65 ,-124.63 ,-104.04 ,-90.67  ,-81.51  ,-73.89  ,-67.18  ,-61.44 ,-56.19 ,-52.4  ,-46.22 ,-41.8  ,-37.03 ,-32.19 ,-26.89 ,-22.34 ,-17.07 ,-11.16 ,0.11  ,17.74 ,30.25  ,306.19 ,305.91 ,305.05 ,305.67 ,306.75 ,306.38 ,306.01 ,306.69 ,308.12 ,307.58 ,306.89 ,305.12 ,306.3  ,305.9  ,306.46 ,305.2  ,303.17 ,295.93 ,281.03 ,267.38 ,269.7  ,284.82 ,296.86 ,303.31 ,308.53 ,307.34 ,307.41 ,306    ,306.75 ,306.78 ,305.48 ,307.74 ,306.84 ,308.63 ,306.53 ,305.34 ,304.67 ,305.15 ,302.96 ,306.04 ,303.53 ,307.76 ,305.67 ,304.23 ,304.7  ,307.89 ,306.37 ,307.67 ,14.57 ,14.64 ,15.72 ,15.22 ,14.09 ,16.45 ,15.31 ,15.88 ,15.98 ,15.39 ,15.36 ,13.9  ,1     ,-0.07 ,-0.15 ,0.12
     6 ,-1    ,  145.68 ,1008.92 ,23.84 ,919.85 ,1.183 ,263.27   ,211.65   ,174.01   ,27.81   ,-37.28  ,-63.37  ,-75.55  ,-92.5   ,-93.92  ,-96.84  ,-83.7   ,-93.95  ,-92.39  ,-86.84  ,-85.42  ,-74.5   ,-58.01  ,-52.97  ,-44.97  ,-47.94  ,-45.28  ,-41.69  ,16.52  ,39.92  ,31.46  ,262.34   ,-75.29  ,-117.3  ,-109.39 ,-91.27  ,-77.9   ,-69.01  ,-62.86  ,-57.71  ,-52.92  ,-48.81 ,-44.71 ,-41.88 ,-36.85 ,-33.11 ,-28.94 ,-24.37 ,-18.95 ,-14.15 ,-8.6   ,-4.25  ,-0.59 , 3.15 ,31.46  ,307.75 ,307.42 ,306.56 ,307.1  ,308.35 ,307.96 ,307.53 ,308.37 ,309.99 ,309.32 ,308.5  ,306.92 ,307.88 ,307.53 ,307.05 ,303.31 ,294.61 ,278.64 ,270.89 ,276.74 ,288.71 ,300.54 ,306.84 ,307.67 ,310.75 ,309.13 ,309.01 ,307.68 ,308.37 ,308.59 ,307.12 ,309.35 ,307.91 ,308.58 ,307.78 ,306.33 ,305.59 ,306.01 ,304.04 ,306.88 ,304.55 ,308.56 ,306.78 ,305.11 ,305.7  ,308.76 ,307.21 ,308.67 ,14.18 ,14.92 ,16.01 ,15.05 ,12.21 ,16.42 ,15.91 ,15.78 ,15.73 ,15.05 ,15.04 ,14.34 ,1.01  ,-0.07 ,-0.18 ,0.14
     7 ,0     ,  144.26 ,1008.94 ,23.89 ,920.27 ,1.183 ,296.49   ,176.66   ,120.31   ,-19.61  ,-74.6   ,-92.97  ,-101.14 ,-114.16 ,-114.27 ,-112.21 ,-97.48  ,-107.29 ,-105.49 ,-97.29  ,-94.54  ,-82.29  ,-66.77  ,-63.45  ,-55.95  ,-59.38  ,-58.57  ,-12.52  ,27.48  ,36.25  ,39.04  ,296.52   ,49.44   ,-37.26  ,-57.91  ,-57.53  ,-51.46  ,-47.26  ,-44.56  ,-41.69  ,-38.84  ,-36.39 ,-33.59 ,-31.96 ,-27.98 ,-25.21 ,-21.76 ,-17.67 ,-12.75 ,-8.06  ,-2.18  ,2.55   ,6.62  , 9.89 ,39.04  ,305.15 ,304.62 ,304.12 ,304.56 ,305.81 ,305.43 ,304.9  ,305.6  ,307.05 ,306.47 ,305.75 ,304.28 ,305.24 ,304.74 ,305.41 ,304.54 ,304.87 ,305.55 ,307.24 ,307.31 ,305.35 ,307.02 ,306.94 ,304.12 ,301.76 ,289.17 ,276.18 ,269.26 ,272.65 ,281.54 ,289.66 ,299.95 ,308.57 ,310.13 ,309.9  ,308.65 ,307.97 ,308.39 ,306.32 ,309.23 ,306.39 ,310.73 ,309.72 ,307.44 ,307.96 ,311    ,309.54 ,310.87 ,14.17 ,14.74 ,15.88 ,15.21 ,14.9  ,14.98 ,16.42 ,15.5  ,15.77 ,15.05 ,15.1  ,14.25 ,0.45  ,-0.05 ,-0.15 ,0.12
     8 ,1     ,  143.93 ,1008.95 ,23.91 ,920.46 ,1.183 ,303.53   ,113.4    ,49.83    ,-79.89  ,-122.47 ,-131.08 ,-133.28 ,-144.03 ,-138.55 ,-133.29 ,-117.8  ,-125.07 ,-123.09 ,-112.87 ,-109.27 ,-98.13  ,-82.23  ,-78.7   ,-72.36  ,-76.88  ,-61.38  ,-0.81   ,18.75  ,24.3   ,31.52  ,304.13   ,163.68  ,45.26   ,-2.37   ,-16.56  ,-19.99  ,-20.71  ,-22.02  ,-21.48  ,-20.55  ,-19.72 ,-18.35 ,-18.09 ,-14.79 ,-12.64 ,-9.96  ,-6.44  ,-1.81  ,2.94   ,8.99   ,14.06  ,18.36 ,21.63 ,31.52  ,306.54 ,306.18 ,305.96 ,305.97 ,307.19 ,306.76 ,306.42 ,307.06 ,308.44 ,307.88 ,307.25 ,305.66 ,306.58 ,306.29 ,306.88 ,305.99 ,306.75 ,307.04 ,308.71 ,308.76 ,306.85 ,308.48 ,308.35 ,303.08 ,291.6  ,268.45 ,262.64 ,272.76 ,289.39 ,302.03 ,305.16 ,308.68 ,305.63 ,305.34 ,305.46 ,304.37 ,303.56 ,303.96 ,301.86 ,304.79 ,301.62 ,306.51 ,305.23 ,303.19 ,303.63 ,306.72 ,305.35 ,306.79 ,13.44 ,15.45 ,16.53 ,15.65 ,15.17 ,15.71 ,16.59 ,15.54 ,15.41 ,14.48 ,14.49 ,15.17 ,0.29  ,-0.06 ,-0.15 ,0.14
     9 ,2     ,  146.66 ,1008.94 ,23.96 ,920    ,1.183 ,290.81   ,50.58    ,-18.79   ,-130.54 ,-161.45 ,-163.84 ,-160.58 ,-166.04 ,-156.59 ,-150.04 ,-130.79 ,-137.51 ,-132.54 ,-121.54 ,-118.24 ,-108.83 ,-92.92  ,-91.03  ,-85.42  ,-89.15  ,-24.2   ,2.31    ,14.03  ,23.48  ,37.89  ,291.02   ,235.14  ,106.22  ,39.19   ,13.23   ,4.39    ,-0.76   ,-4.59   ,-6.37   ,-7.15   ,-7.77  ,-7.53  ,-8.49  ,-6.37  ,-5.25  ,-3.58  ,-1.03  ,2.82   ,6.68   ,12.33  ,17.68  ,22.9  ,27.6  ,37.89  ,306.64 ,306.15 ,306.34 ,305.99 ,307.21 ,306.93 ,306.49 ,307.26 ,308.69 ,308.76 ,307.45 ,305.79 ,306.86 ,306.49 ,306.79 ,306.15 ,307.09 ,307.14 ,308.78 ,308.87 ,306.95 ,308.67 ,306.85 ,291.53 ,271.19 ,260.55 ,273.23 ,289.57 ,302.35 ,307.38 ,306.01 ,308.95 ,309.96 ,311.2  ,309.86 ,308.47 ,307.85 ,308.38 ,306.13 ,309.14 ,306.12 ,310.65 ,309.66 ,307.4  ,307.91 ,310.97 ,309.66 ,310.42 ,13.03 ,15.88 ,16.92 ,15.95 ,15.25 ,15.76 ,16.66 ,15.59 ,15.17 ,14.12 ,14.12 ,15.72 ,0.4   ,-0.07 ,-0.18 ,0.13
    10 ,3     ,  145.79 ,1008.93 ,24    ,920.12 ,1.183 ,230.19   ,-30.37   ,-94.42   ,-188.36 ,-204.42 ,-196.68 ,-187.65 ,-188.59 ,-177.43 ,-167.09 ,-144.54 ,-150.53 ,-144.09 ,-131.94 ,-129.09 ,-119.77 ,-106.11 ,-105.07 ,-101.09 ,-46.93  ,-18.38  ,-2.83   ,10.25  ,22.22  ,41.73  ,230.24   ,278.83  ,157.93  ,77.85   ,41.78   ,27.04   ,18.13   ,12.03   ,8.35    ,5.93    ,3.85   ,2.76   ,0.84   ,1.89   ,1.92   ,2.74   ,4.3    ,7.18   ,10.13  ,15.03  ,19.85  ,25.13 ,30.56 ,41.73  ,307.6  ,306.53 ,306.88 ,306.37 ,307.48 ,307.08 ,306.8  ,307.55 ,308.9  ,309.05 ,307.83 ,306.5  ,307.01 ,306.74 ,307.17 ,306.44 ,307.46 ,307.4  ,308.5  ,309.25 ,307.2  ,307.17 ,293.42 ,267.36 ,260.13 ,272.37 ,290.59 ,301.95 ,306.92 ,308.46 ,306.49 ,309.31 ,309.06 ,311.77 ,308.91 ,307.45 ,306.94 ,307.35 ,305.27 ,308.22 ,305.09 ,309.9  ,308.66 ,306.51 ,306.96 ,309.78 ,308.69 ,309.15 ,12.88 ,16.57 ,17.5  ,16.4  ,15.66 ,16.15 ,16.89 ,15.92 ,15.14 ,14.04 ,14.04 ,16.56 ,0.91  ,-0.07 ,-0.19 ,0.12
    11 ,3.5   ,  145.2  ,1008.94 ,24.02 ,920.27 ,1.183 ,178.86   ,-77.2    ,-134.33  ,-216.86 ,-226.33 ,-212.5  ,-201.06 ,-200.01 ,-188.51 ,-175.78 ,-152.61 ,-157.07 ,-148.47 ,-138.15 ,-135.07 ,-126.94 ,-113.72 ,-112.89 ,-88.41  ,-38.3   ,-22.04  ,-6.07   ,8.86   ,21.22  ,42.34  ,178.43   ,291.92  ,181.35  ,97.41   ,55.9    ,38.98   ,27.94   ,20.62   ,16.01   ,12.71   ,9.96   ,8.3    ,6.01   ,6.35   ,5.94   ,6.27   ,7.35   ,9.84   ,12.32  ,16.79  ,21.32  ,26.4  ,31.83 ,42.34  ,306.78 ,305.75 ,305.92 ,305.53 ,307.23 ,306.48 ,305.96 ,306.8  ,307.89 ,308.11 ,307.03 ,305.67 ,306.25 ,306.04 ,306.53 ,305.6  ,306.54 ,306.78 ,307.75 ,308.39 ,306.15 ,301.34 ,279.84 ,258.16 ,262.28 ,281.2  ,298.31 ,304.45 ,306.62 ,307.58 ,305.54 ,308.37 ,308.15 ,310.32 ,308.37 ,306.82 ,306.22 ,306.58 ,304.55 ,307.33 ,304.55 ,309.28 ,307.94 ,305.97 ,306.41 ,308.91 ,307.84 ,308.25 ,12.28 ,16.35 ,17.3  ,16.13 ,15.29 ,15.79 ,16.32 ,15.32 ,14.64 ,13.44 ,13.46 ,16.39 ,0.79  ,-0.06 ,-0.15 ,0.14
    12 ,4     ,  147.21 ,1008.99 ,24.02 ,919.85 ,1.183 ,115.08   ,-122.3   ,-177.83  ,-247.75 ,-248.4  ,-229.88 ,-215.15 ,-212.15 ,-198.97 ,-184.09 ,-161.58 ,-164.36 ,-153.92 ,-144.34 ,-143.34 ,-134.18 ,-122.14 ,-120.72 ,-62.84  ,-37.76  ,-26.77  ,-8.53   ,7.43   ,20.59  ,42.75  ,115.04   ,299.25  ,205.13  ,116.13  ,71.61   ,50.18   ,37.96   ,29.33   ,23.75   ,19.44   ,16     ,13.8   ,10.83  ,10.84  ,9.92   ,9.88   ,10.5   ,12.56  ,14.7   ,18.95  ,23.08  ,27.93 ,33.48 ,42.75  ,307.54 ,306.31 ,306.6  ,306.17 ,307.91 ,307.05 ,306.63 ,307.34 ,308.47 ,308.66 ,307.51 ,306.16 ,306.78 ,306.47 ,307.04 ,306.24 ,307.18 ,307.27 ,308.34 ,308.51 ,304.9  ,291.51 ,266.38 ,256.54 ,270.42 ,291.74 ,303.92 ,306.23 ,307.22 ,308.26 ,306.19 ,309.06 ,308.44 ,310.31 ,308.54 ,307.04 ,306.53 ,306.78 ,304.85 ,307.73 ,304.8  ,309.49 ,308.19 ,306.05 ,306.83 ,308.96 ,308.15 ,308.73 ,12.14 ,16.67 ,17.58 ,16.38 ,15.45 ,16.05 ,16.4  ,15.52 ,14.62 ,13.35 ,13.37 ,16.79 ,1.17  ,-0.06 ,-0.15 ,0.13
    13 ,4.5   ,  145.51 ,1008.93 ,24.05 ,919.94 ,1.183 ,39.18    ,-173.11  ,-222.17  ,-280.72 ,-270.6  ,-244.65 ,-229.69 ,-223.37 ,-208.21 ,-193.4  ,-169.81 ,-170.81 ,-160.36 ,-150.19 ,-150.99 ,-142.3  ,-131.31 ,-108.26 ,-54.32  ,-42.06  ,-31.21  ,-10.91  ,5.84   ,19.89  ,42.73  ,39.16    ,300.43  ,223.81  ,132.24  ,84.14   ,60.67   ,47.1    ,37.6    ,31.1    ,26.08   ,21.99  ,19.18  ,15.76  ,15.29  ,13.9   ,13.47  ,13.66  ,15.38  ,17.16  ,20.84  ,24.84  ,29.4  ,34.85 ,42.73  ,307    ,305.93 ,306.14 ,305.6  ,307.53 ,306.65 ,306.25 ,307.04 ,308.05 ,308.48 ,307.24 ,305.91 ,306.49 ,306.12 ,306.66 ,305.92 ,306.81 ,306.93 ,307.93 ,307.54 ,298.75 ,276.98 ,257.46 ,261.2  ,280.67 ,299.55 ,305.94 ,306.3  ,306.9  ,307.88 ,305.83 ,308.57 ,308.96 ,310.53 ,308.75 ,307.35 ,306.85 ,307.26 ,305.19 ,308.18 ,305.1  ,309.98 ,308.63 ,306.44 ,307.48 ,309.33 ,308.6  ,309.34 ,12.17 ,17.14 ,18.03 ,16.74 ,15.73 ,16.49 ,16.66 ,15.7  ,14.78 ,13.45 ,13.43 ,17.31 ,1.25  ,-0.05 ,-0.15 ,0.1
    14 ,5     ,  145.02 ,1008.94 ,24.08 ,919.76 ,1.183 ,-49.97   ,-223.49  ,-264.24  ,-307.51 ,-288.9  ,-257.56 ,-239.12 ,-232.25 ,-214.88 ,-198.01 ,-173.4  ,-174.23 ,-163.75 ,-154.93 ,-155.65 ,-147.64 ,-133.97 ,-80.18  ,-52.57  ,-46.49  ,-32.86  ,-12.01  ,5.21   ,19.85  ,43.02  ,-48.46   ,296.73  ,239.4   ,147.55  ,96.48   ,71.57   ,56.58   ,46.4    ,39.17   ,33.44   ,28.81  ,25.43  ,21.66  ,20.61  ,18.81  ,17.99  ,17.75  ,19.07  ,20.43  ,23.68  ,27.34  ,31.55 ,36.59 ,43.02  ,303.17 ,301.96 ,302.31 ,301.71 ,303.34 ,302.76 ,302.18 ,302.87 ,303.82 ,303.93 ,303.46 ,301.83 ,302.41 ,301.79 ,302.62 ,301.73 ,302.76 ,302.9  ,303.68 ,301.79 ,283.78 ,259.22 ,251.92 ,266.07 ,286.93 ,300.33 ,302.49 ,302.45 ,302.78 ,303.74 ,301.94 ,304.53 ,305.24 ,309.07 ,305.37 ,303.91 ,303.12 ,303.62 ,301.49 ,304.26 ,301.22 ,306.12 ,304.82 ,302.77 ,304.01 ,305.97 ,304.99 ,305.1  ,10.81 ,16.23 ,17.1  ,15.78 ,14.81 ,15.66 ,15.84 ,14.77 ,13.52 ,12.18 ,12.23 ,16.56 ,0.04  ,-0.06 ,-0.19 ,-0.06
    15 ,5.5   ,  145.3  ,1008.97 ,24.1  ,920.58 ,1.182 ,-157.14  ,-282.95  ,-318.3   ,-343.77 ,-317.52 ,-280.82 ,-258.06 ,-248.59 ,-228.54 ,-209.57 ,-185.42 ,-186.02 ,-174.73 ,-165.72 ,-167.02 ,-157.67 ,-109.82 ,-75.49  ,-60.18  ,-52.76  ,-37.59  ,-15.28  ,2.52   ,17.42  ,41.51  ,-156.31  ,293.31  ,254.36  ,162.65  ,109.04  ,82.67   ,64.31   ,53.7    ,45.58   ,39.11   ,33.68  ,29.8   ,25.22  ,23.95  ,21.89  ,20.49  ,19.87  ,20.81  ,21.81  ,24.78  ,28.1   ,31.99 ,36.97 ,41.51  ,304.09 ,302.64 ,303.32 ,302.41 ,304.21 ,303.53 ,303.11 ,303.72 ,304.71 ,304.9  ,304.64 ,302.64 ,303.12 ,302.68 ,303.48 ,302.71 ,303.76 ,303.87 ,304.27 ,296.59 ,268.55 ,250.56 ,257.58 ,279.04 ,298.21 ,303.83 ,303.54 ,303.82 ,303.72 ,304.63 ,302.65 ,305.36 ,308.22 ,310.67 ,308.33 ,306.99 ,306.3  ,306.64 ,304.56 ,307.44 ,304.57 ,309.29 ,308.02 ,305.96 ,307.14 ,308.58 ,308.01 ,308.5  ,11.19 ,16.99 ,17.83 ,16.43 ,15.28 ,16.11 ,16.28 ,14.98 ,13.95 ,12.53 ,12.56 ,17.32 ,1.13  ,-0.04 ,-0.15 ,0.1
    16 ,6     ,  143.44 ,1008.97 ,24.13 ,920.48 ,1.182 ,-271.49  ,-342.75  ,-367.33  ,-378.96 ,-340.76 ,-298.77 ,-274.03 ,-260.95 ,-239.69 ,-220.25 ,-194.99 ,-196.3  ,-184.53 ,-174.67 ,-174.47 ,-139.34 ,-97.31  ,-81.52  ,-65.76  ,-56.48  ,-39.96  ,-17.21  ,1.46   ,16.39  ,40.64  ,-269.61  ,283.65  ,266.69  ,178.29  ,121.07  ,92.83   ,73.69   ,61.68   ,52.75   ,45.66   ,39.74  ,35.24  ,30.22  ,28.48  ,26     ,24.17  ,23.19  ,23.77  ,24.35  ,26.95  ,29.94  ,33.57 ,38.13 ,40.64  ,303.94 ,302.67 ,303.21 ,302.68 ,304.12 ,303.61 ,303.15 ,303.77 ,304.65 ,304.92 ,304.72 ,302.59 ,303.27 ,302.83 ,303.5  ,302.79 ,303.94 ,303.89 ,304.59 ,304.67 ,303.44 ,304.93 ,305.25 ,303.51 ,301.88 ,276.51 ,248.83 ,249.11 ,272.5  ,296.97 ,302.09 ,305.53 ,304.42 ,305.38 ,304.12 ,303.14 ,302.18 ,302.52 ,300.52 ,303.35 ,300.52 ,305.28 ,304.2  ,301.95 ,303.17 ,304.76 ,303.87 ,304.35 ,11.81 ,17.49 ,18.37 ,17.08 ,16.05 ,16.35 ,17.71 ,15.71 ,14.66 ,13.19 ,13.28 ,17.8  ,0.72  ,-0.05 ,-0.19 ,0.06
    17 ,6.5   ,  147.24 ,1008.99 ,24.18 ,919.7  ,1.182 ,-395.63  ,-404.91  ,-421.59  ,-412.97 ,-364.93 ,-316.62 ,-288.2  ,-273.91 ,-249.9  ,-230.66 ,-204.17 ,-205.7  ,-192.93 ,-179.06 ,-158.61 ,-128.97 ,-102.72 ,-87.89  ,-69.44  ,-58.95  ,-41.95  ,-18.37  ,0.63   ,15.85  ,40.07  ,-395.35  ,269.58  ,278.58  ,191.89  ,133.1   ,102.7   ,83.27   ,69.87   ,60.11   ,52.27   ,45.83  ,40.72  ,35.38  ,33.1   ,30.15  ,28.08  ,26.66  ,26.81  ,26.99  ,29.23  ,31.9   ,35.2  ,39.48 ,40.07  ,304.54 ,303.18 ,303.69 ,303.14 ,304.7  ,304.74 ,303.69 ,304.4  ,305.18 ,305.42 ,305.4  ,302.93 ,303.75 ,303.19 ,303.99 ,303.34 ,304.31 ,304.24 ,304.97 ,305.11 ,303.99 ,305.6  ,305.78 ,303.05 ,293.36 ,259.23 ,242.83 ,258.61 ,286.41 ,303.18 ,303.37 ,306.06 ,310.38 ,311.3  ,310.59 ,308.98 ,308.35 ,308.68 ,306.81 ,309.52 ,306.79 ,311.38 ,310.41 ,308.09 ,309.34 ,310.78 ,310.09 ,310.7  ,11.5  ,17.67 ,18.57 ,17.13 ,15.97 ,16.13 ,17.45 ,15.47 ,14.53 ,12.91 ,13    ,18.04 ,0.4   ,-0.08 ,-0.17 ,0.11
    18 ,6.6   ,  146.82 ,1009.01 ,24.19 ,920.64 ,1.182 ,-423.19  ,-420.97  ,-432.81  ,-421.5  ,-371.52 ,-322.43 ,-293.51 ,-277.96 ,-254.41 ,-234.16 ,-208.13 ,-209.36 ,-194.58 ,-177.42 ,-156.74 ,-130.76 ,-104.69 ,-89.68  ,-70.97  ,-59.98  ,-42.68  ,-18.75  ,0.52   ,15.72  ,39.55  ,-422.2   ,267.53  ,281.63  ,195.21  ,135.95  ,105.09  ,85.39   ,71.59   ,61.69   ,53.64   ,47.12  ,41.82  ,36.27  ,34.02  ,30.94  ,28.76  ,27.32  ,27.4   ,27.5   ,29.7   ,32.28  ,35.57 ,39.69 ,39.55  ,306.18 ,304.8  ,305.54 ,304.8  ,306.23 ,306.19 ,305.38 ,305.96 ,306.82 ,307.25 ,306.92 ,304.59 ,305.51 ,304.96 ,305.71 ,304.94 ,306.01 ,306.01 ,306.88 ,306.89 ,305.62 ,307.18 ,307.39 ,303.97 ,292.37 ,257.12 ,243.91 ,262.33 ,289.62 ,305.36 ,304.82 ,307.66 ,310.83 ,311.49 ,310.86 ,309.36 ,308.78 ,309.08 ,307.21 ,309.94 ,307.19 ,311.59 ,310.55 ,308.34 ,309.78 ,311.13 ,310.3  ,311.01 ,11.32 ,17.6  ,18.47 ,17.02 ,15.84 ,15.98 ,17.33 ,15.33 ,14.34 ,12.71 ,12.81 ,17.98 ,-0.2  ,-0.08 ,-0.16 ,0.11
    19 ,6.7   ,  144.89 ,1008.99 ,24.21 ,920.24 ,1.182 ,-448.48  ,-433.04  ,-442.87  ,-428.78 ,-376.52 ,-326.57 ,-296.12 ,-280.48 ,-256    ,-236.51 ,-209.69 ,-209.77 ,-197.01 ,-172.88 ,-154.13 ,-131.57 ,-105.78 ,-89.93  ,-71.12  ,-59.96  ,-42.35  ,-18.33  ,0.48   ,16.17  ,39.94  ,-449.15  ,265.61  ,284.41  ,199.08  ,138.76  ,107.94  ,87.82   ,73.99   ,63.94   ,55.66   ,49     ,43.64  ,38.08  ,35.62  ,32.4   ,30.21  ,28.64  ,28.58  ,28.66  ,30.88  ,33.3   ,36.54 ,40.57 ,39.94  ,307.5  ,306.14 ,306.7  ,306.03 ,307.62 ,307.62 ,306.72 ,307.37 ,308.29 ,308.7  ,308.35 ,305.92 ,306.77 ,306.42 ,307.02 ,306.41 ,307.27 ,307.3  ,308.18 ,308.29 ,306.99 ,308.55 ,308.79 ,304.7  ,290.98 ,255.49 ,245.7  ,266.53 ,293.11 ,307.11 ,306.21 ,309.04 ,303.37 ,308.35 ,303    ,302.24 ,301.49 ,301.76 ,299.83 ,302.39 ,299.82 ,304.28 ,302.97 ,301.07 ,302.33 ,303.78 ,303.58 ,303.56 ,11.55 ,17.77 ,18.6  ,17.19 ,16.05 ,16.15 ,17.5  ,15.51 ,14.52 ,12.95 ,13.03 ,18.13 ,0.3   ,-0.05 ,-0.17 ,0.08
    20 ,6.8   ,  143.96 ,1009.02 ,24.23 ,920.03 ,1.182 ,-473.55  ,-441     ,-451.42  ,-434.3  ,-379.91 ,-328.96 ,-299.02 ,-282.62 ,-258.47 ,-239.15 ,-212.37 ,-212.19 ,-195.25 ,-172.02 ,-154.81 ,-133.42 ,-107.41 ,-91.44  ,-72.33  ,-60.82  ,-43.57  ,-19.34  ,-0.49  ,15.4   ,38.77  ,-473.75  ,259.57  ,284.15  ,199.97  ,139.49  ,108.27  ,88.24   ,74.19   ,63.99   ,55.6    ,48.9   ,43.42  ,37.64  ,35.3   ,32.06  ,29.75  ,28.09  ,28.02  ,28.01  ,30.05  ,32.48  ,35.59 ,39.68 ,38.77  ,305.11 ,303.79 ,304.37 ,303.7  ,305.1  ,305.25 ,304.4  ,304.9  ,305.8  ,306.18 ,305.94 ,303.53 ,304.47 ,303.88 ,304.64 ,303.89 ,304.97 ,305.14 ,305.91 ,305.81 ,304.54 ,306.3  ,306.42 ,301.19 ,284.65 ,250.21 ,243.94 ,266.19 ,292.17 ,304.74 ,303.89 ,306.6  ,304.94 ,308.45 ,304.55 ,303.48 ,302.93 ,303.03 ,301.1  ,303.86 ,301.12 ,305.6  ,304.48 ,302.41 ,303.73 ,305.16 ,304.97 ,304.95 ,11.21 ,17.54 ,18.4  ,16.98 ,15.79 ,15.92 ,17.32 ,15.35 ,14.22 ,12.62 ,12.72 ,17.95 ,0.19  ,-0.04 ,-0.19 ,0.11
    21 ,6.9   ,  142.56 ,1009.05 ,24.24 ,920.02 ,1.182 ,-493.98  ,-448.75  ,-454.78  ,-433.32 ,-378.17 ,-326.52 ,-296.76 ,-280.33 ,-255.85 ,-236.25 ,-209.43 ,-208.35 ,-188.61 ,-164.38 ,-152.38 ,-131.8  ,-105.52 ,-89.32  ,-70.39  ,-59.36  ,-41.73  ,-18.16  ,0.85   ,15.77  ,39.09  ,-493.75  ,252.48  ,282.94  ,200.71  ,140.83  ,109.92  ,89.82   ,75.98   ,65.82   ,57.37   ,50.63  ,45.18  ,39.35  ,36.96  ,33.66  ,31.36  ,29.68  ,29.45  ,29.39  ,31.45  ,33.63  ,36.65 ,40.51 ,39.09  ,301.89 ,300.68 ,301.02 ,300.51 ,301.87 ,302.13 ,301.09 ,301.68 ,302.41 ,302.62 ,302.66 ,300.31 ,301.13 ,300.37 ,301.37 ,300.68 ,301.73 ,301.75 ,302.53 ,302.5  ,301.1  ,303    ,303.03 ,297.08 ,278.72 ,245.44 ,242.45 ,266.64 ,291.47 ,301.89 ,300.79 ,303.42 ,303.54 ,306.83 ,303.27 ,302.41 ,301.97 ,301.86 ,299.8  ,302.59 ,299.71 ,304.31 ,303.25 ,301.23 ,302.49 ,303.95 ,303.8  ,303.79 ,11.73 ,18.13 ,18.96 ,17.53 ,16.32 ,16.37 ,17.8  ,15.78 ,14.74 ,13.15 ,13.24 ,18.53 ,0.26  ,-0.04 ,-0.19 ,0.12
    22 ,7     ,  144.98 ,1009.05 ,24.26 ,920.26 ,1.182 ,-528.23  ,-469.05  ,-471.28  ,-446.02 ,-387.09 ,-334.83 ,-303.27 ,-287.02 ,-261.56 ,-242.55 ,-214.11 ,-211.55 ,-189.39 ,-165.17 ,-155.03 ,-135.29 ,-108.64 ,-92.28  ,-72.36  ,-61.13  ,-42.88  ,-19.15  ,-0.18  ,14.85  ,38.52  ,-529.97  ,250.63  ,286.56  ,204.48  ,143.9   ,112.14  ,91.91   ,77.49   ,67.07   ,58.43   ,51.51  ,45.9   ,40.09  ,37.45  ,34.01  ,31.54  ,29.82  ,29.48  ,29.38  ,31.23  ,33.49  ,36.47 ,40.26 ,38.52  ,304.07 ,302.76 ,303.41 ,302.84 ,304.07 ,304.34 ,303.31 ,303.9  ,304.63 ,305.01 ,304.91 ,302.49 ,303.32 ,302.46 ,303.55 ,302.92 ,303.78 ,303.96 ,304.59 ,304.86 ,303.42 ,305.11 ,305.13 ,297.88 ,277.28 ,244.76 ,245.03 ,270.22 ,294.32 ,304.1  ,302.92 ,305.65 ,304.95 ,306.13 ,304.76 ,303.62 ,303.59 ,303.42 ,301.22 ,304.04 ,301.22 ,306.06 ,304.53 ,302.65 ,303.85 ,305.31 ,305.12 ,305.19 ,11.16 ,17.75 ,18.61 ,17.24 ,16.08 ,16.21 ,17.8  ,15.68 ,14.22 ,12.66 ,12.8  ,18.19 ,0.13  ,-0.1  ,-0.33 ,-0.2
    23 ,7.1   ,  144.15 ,1009.05 ,24.27 ,919.94 ,1.182 ,-526.67  ,-465.23  ,-468.56  ,-443.5  ,-384.97 ,-332.03 ,-300.93 ,-284.61 ,-260.09 ,-239.92 ,-212.21 ,-210.18 ,-187.11 ,-163.59 ,-153.48 ,-133.92 ,-107.11 ,-90.59  ,-71.11  ,-59.88  ,-42.04  ,-18.2   ,0.65   ,15.82  ,39.39  ,-528.04  ,249.99  ,286.62  ,204.92  ,144.03  ,112.72  ,92.76   ,78.2    ,67.83   ,59.22   ,52.3   ,46.72  ,40.75  ,38.24  ,34.83  ,32.38  ,30.7   ,30.36  ,30.19  ,32.05  ,34.3   ,37.27 ,41.13 ,39.39  ,303.77 ,302.53 ,303.07 ,302.53 ,303.68 ,303.94 ,303    ,303.62 ,304.28 ,304.7  ,304.68 ,302.24 ,303.09 ,302.53 ,303.28 ,302.7  ,303.64 ,303.74 ,304.43 ,304.58 ,303.15 ,304.82 ,304.91 ,297.44 ,276.63 ,244.12 ,245.39 ,270.89 ,295.11 ,304    ,302.64 ,305.34 ,303.47 ,306.75 ,303.04 ,302.29 ,301.99 ,301.82 ,299.77 ,302.54 ,299.73 ,304.29 ,303.05 ,301.09 ,302.36 ,303.75 ,303.48 ,303.7  ,11.13 ,17.83 ,18.64 ,17.24 ,16.03 ,16.18 ,17.89 ,15.78 ,14.19 ,12.66 ,12.76 ,18.26 ,0.17  ,-0.08 ,-0.26 ,-0.18
    24 ,7.2   ,  141.6  ,1009.06 ,24.27 ,919.13 ,1.182 ,-587.29  ,-495.48  ,-497.56  ,-463.26 ,-401.03 ,-344.59 ,-311.66 ,-294.32 ,-269.12 ,-249.88 ,-216.85 ,-211.39 ,-187.14 ,-167.17 ,-158.13 ,-138.61 ,-111.01 ,-93.57  ,-73.37  ,-61.8   ,-43.26  ,-19.02  ,-0.25  ,15.41  ,38.83  ,-589.98  ,245.79  ,292.73  ,211.44  ,149.83  ,117.61  ,96.5    ,81.82   ,70.98   ,62.07   ,54.77  ,49.02  ,42.91  ,40.03  ,36.43  ,33.81  ,31.9   ,31.46  ,31.15  ,32.91  ,35.06  ,37.92 ,41.56 ,38.83  ,307.92 ,306.62 ,307.1  ,306.66 ,308.13 ,308.19 ,307.16 ,307.87 ,308.73 ,309.12 ,308.87 ,306.48 ,307.32 ,306.86 ,307.25 ,306.7  ,307.62 ,307.75 ,308.72 ,308.74 ,307.42 ,309.02 ,308.67 ,297.89 ,273.38 ,243.86 ,249.91 ,277.8  ,300.86 ,308.3  ,306.64 ,309.47 ,302.49 ,305.3  ,301.8  ,301.25 ,300.97 ,300.7  ,298.68 ,301.32 ,298.56 ,303.73 ,301.96 ,299.99 ,301.32 ,302.66 ,302.51 ,302.44 ,11.31 ,17.92 ,18.74 ,17.3  ,16.1  ,16.15 ,17.74 ,15.76 ,14.31 ,12.73 ,12.83 ,18.38 ,0.63  ,-0.07 ,-0.17 ,0.1
    25 ,7.3   ,  145.55 ,1009.09 ,24.27 ,920.08 ,1.182 ,-607.1   ,-500.72  ,-498.61  ,-462.08 ,-398.32 ,-341.62 ,-309.28 ,-291.11 ,-266.12 ,-247.63 ,-211.99 ,-206.57 ,-182.45 ,-165.2  ,-157.27 ,-136.94 ,-109.24 ,-91.88  ,-72.24  ,-60.79  ,-42.92  ,-18.82  ,0.28   ,15.21  ,37.74  ,-607.6   ,236.46  ,289     ,210.53  ,149.81  ,117.2   ,96.72   ,81.97   ,71.26   ,62.35   ,55     ,49.3   ,43.12  ,40.3   ,36.65  ,33.99  ,32.07  ,31.57  ,31.18  ,32.8   ,34.87  ,37.58 ,41.14 ,37.74  ,302.5  ,301.2  ,301.72 ,301.28 ,302.61 ,302.87 ,301.75 ,302.23 ,303.18 ,303.32 ,303.43 ,301.24 ,301.76 ,300.84 ,302.13 ,301.39 ,302.34 ,302.51 ,303.2  ,303.36 ,301.99 ,303.78 ,302.99 ,290.27 ,265.3  ,238.62 ,248.36 ,276.19 ,296.6  ,302.95 ,301.48 ,304.01 ,307.59 ,309.48 ,307.07 ,305.95 ,305.97 ,305.86 ,303.65 ,306.48 ,303.58 ,308.81 ,307.13 ,304.95 ,306.09 ,307.78 ,307.49 ,307.65 ,11.65 ,18.41 ,19.23 ,17.77 ,16.47 ,16.45 ,17.96 ,15.93 ,14.71 ,13.05 ,13.12 ,18.89 ,0.59  ,-0.05 ,-0.17 ,0.13
    26 ,7.4   ,  144.35 ,1009.08 ,24.3  ,920.66 ,1.182 ,-640.48  ,-516.37  ,-514.7   ,-474.6  ,-407.05 ,-348.75 ,-314.5  ,-296.7  ,-271.83 ,-251.48 ,-214.91 ,-208.21 ,-184.54 ,-167.43 ,-159.85 ,-139.41 ,-111.43 ,-93.56  ,-73.24  ,-61.38  ,-43.25  ,-19.01  ,0.15   ,14.97  ,38.19  ,-642.32  ,234.41  ,292.94  ,214.48  ,153.61  ,120.57  ,99.02   ,84.3    ,73.31   ,64.22   ,56.75  ,50.86  ,44.43  ,41.59  ,37.83  ,35.07  ,33.05  ,32.49  ,32.01  ,33.58  ,35.57  ,38.29 ,41.73 ,38.19  ,305.65 ,304.35 ,305.01 ,304.32 ,305.85 ,305.96 ,304.99 ,305.6  ,306.34 ,306.68 ,306.61 ,304.3  ,305.06 ,304.3  ,305.18 ,304.54 ,305.51 ,305.53 ,306.35 ,306.51 ,305.2  ,306.92 ,305.78 ,290.87 ,264.6  ,239.91 ,252.24 ,280.71 ,300.59 ,306.11 ,304.5  ,307.14 ,304.48 ,307.15 ,304.03 ,303.05 ,303.08 ,302.77 ,300.72 ,303.42 ,300.57 ,305.81 ,303.87 ,302.08 ,303.24 ,304.71 ,304.48 ,304.56 ,10.86 ,17.69 ,18.51 ,17.05 ,15.78 ,15.75 ,17.33 ,15.34 ,13.98 ,12.33 ,12.39 ,18.19 ,-0.18 ,-0.06 ,-0.19 ,0.1
    27 ,7.6   ,  143.89 ,1009.11 ,24.33 ,919.91 ,1.182 ,-689.59  ,-535.87  ,-537.32  ,-490.47 ,-420.16 ,-359.5  ,-324.66 ,-305.33 ,-279.76 ,-255.55 ,-216.99 ,-211.03 ,-187.79 ,-172.57 ,-164.47 ,-142.95 ,-114.88 ,-96.29  ,-75.64  ,-62.97  ,-44.92  ,-20.57  ,-1.13  ,13.91  ,37.2   ,-692.07  ,230.33  ,296.96  ,218.74  ,157.41  ,123.59  ,101.12  ,86.23   ,74.84   ,65.58   ,57.79  ,51.76  ,45.12  ,42.12  ,38.22  ,35.33  ,33.16  ,32.48  ,31.96  ,33.42  ,35.37  ,38    ,41.57 ,37.2   ,308.35 ,307.21 ,307.54 ,307.12 ,308.82 ,308.45 ,307.71 ,308.24 ,309.32 ,309.68 ,309.32 ,306.93 ,307.85 ,307.45 ,307.86 ,307.37 ,308.32 ,308.16 ,309.21 ,309.32 ,307.92 ,309.48 ,307.32 ,288.67 ,261.46 ,240.69 ,257.58 ,286.65 ,304.35 ,309.05 ,307.27 ,310.1  ,306.45 ,309.58 ,305.96 ,304.82 ,304.74 ,304.71 ,302.65 ,305.55 ,302.49 ,307.53 ,306.01 ,304.09 ,305.21 ,306.79 ,306.44 ,306.79 ,11.44 ,18.48 ,19.29 ,17.8  ,16.52 ,16.42 ,18.07 ,15.99 ,14.59 ,12.9  ,12.97 ,18.99 ,0.15  ,-0.09 ,-0.25 ,-0.05
    28 ,7.8   ,  147.38 ,1009.11 ,24.35 ,920.31 ,1.182 ,-763.58  ,-572.48  ,-561.01  ,-505.19 ,-429.18 ,-366.85 ,-330.17 ,-311.59 ,-283.23 ,-251.55 ,-214.56 ,-208.21 ,-190.64 ,-173.9  ,-165.04 ,-143.34 ,-115.19 ,-96.13  ,-75.29  ,-62.68  ,-44.11  ,-19.85  ,-0.84  ,13.99  ,36.65  ,-763.96  ,215.55  ,297.8   ,223.86  ,162.39  ,128.03  ,104.99  ,90.03   ,78.38   ,68.92   ,60.83  ,54.57  ,47.93  ,44.58  ,40.6   ,37.42  ,35.06  ,34.24  ,33.49  ,34.75  ,36.49  ,38.93 ,42.21 ,36.65  ,307.11 ,305.81 ,306.39 ,305.69 ,307.23 ,307.29 ,306.32 ,306.97 ,307.79 ,308.2  ,307.93 ,305.71 ,306.42 ,305.88 ,306.46 ,305.86 ,306.84 ,306.94 ,307.89 ,307.89 ,306.57 ,307.9  ,303.51 ,279.81 ,253.57 ,239.4  ,260.06 ,288.22 ,303.63 ,307.48 ,305.77 ,308.55 ,310.39 ,312    ,310.23 ,308.77 ,308.96 ,308.55 ,306.66 ,309.43 ,306.66 ,311.62 ,310.06 ,308.05 ,309.2  ,310.6  ,310.53 ,310.56 ,10.81 ,18.05 ,18.84 ,17.29 ,15.9  ,15.61 ,17.18 ,15.16 ,14.03 ,12.27 ,12.33 ,18.52 ,-0.17 ,-0.08 ,-0.19 ,0.13
    29 ,8     ,  144.68 ,1009.1  ,24.36 ,918.77 ,1.182 ,-792.84  ,-580.35  ,-570.6   ,-510.73 ,-433.35 ,-371.38 ,-333.75 ,-314.27 ,-282.58 ,-250.21 ,-213.22 ,-208.78 ,-192.74 ,-175.39 ,-165.79 ,-143.75 ,-115.22 ,-96.44  ,-75.16  ,-62.75  ,-44.19  ,-20.24  ,-1.16  ,13.53  ,35.93  ,-792.76  ,209.16  ,298.14  ,225.17  ,163.91  ,129.76  ,106.16  ,91.16   ,79.37   ,69.77   ,61.66  ,55.29  ,48.5   ,45.11  ,41.08  ,37.84  ,35.41  ,34.5   ,33.67  ,34.89  ,36.51  ,38.87 ,42.09 ,35.93  ,306.21 ,304.88 ,305.44 ,304.84 ,306.33 ,306.43 ,305.45 ,306.11 ,306.77 ,307.38 ,307.11 ,304.88 ,305.52 ,305.11 ,305.66 ,304.96 ,305.97 ,306    ,307.07 ,307    ,305.68 ,306.83 ,300.64 ,275.41 ,249.54 ,238.95 ,261.4  ,289.65 ,303.29 ,306.61 ,305    ,307.7  ,306.9  ,309.23 ,306.75 ,305.37 ,305.3  ,305.08 ,303.01 ,305.87 ,302.92 ,307.89 ,306.47 ,304.33 ,305.55 ,307.13 ,307.07 ,307.14 ,10.18 ,17.51 ,18.32 ,16.78 ,15.44 ,15.13 ,16.74 ,14.85 ,13.39 ,11.64 ,11.74 ,18.04 ,-0.42 ,-0.09 ,-0.23 ,0.06
    30 ,8.2   ,  145.05 ,1009.11 ,24.37 ,919.6  ,1.182 ,-827.62  ,-596.3   ,-582.46  ,-517.88 ,-438.46 ,-377.15 ,-336.66 ,-316.51 ,-280.74 ,-248.63 ,-212.38 ,-208.32 ,-192.8  ,-177.42 ,-166.55 ,-143.66 ,-115.27 ,-96.24  ,-75.38  ,-62.43  ,-44.21  ,-20.02  ,-1.22  ,13.43  ,35.49  ,-826.83  ,202.31  ,298.32  ,227.75  ,165.94  ,131.67  ,108.54  ,92.98   ,81.05   ,71.38   ,63.12  ,56.64  ,49.77  ,46.32  ,42.21  ,38.84  ,36.34  ,35.36  ,34.41  ,35.51  ,37.04  ,39.33 ,42.37 ,35.49  ,305.82 ,304.38 ,305    ,304.46 ,305.92 ,306.06 ,305.06 ,305.72 ,306.52 ,306.86 ,306.74 ,304.36 ,305.07 ,304.65 ,305.23 ,304.64 ,305.6  ,305.62 ,306.52 ,306.58 ,305.24 ,306.34 ,298.61 ,271.32 ,246.06 ,240.2  ,265.43 ,292.35 ,303.8  ,306.4  ,304.56 ,307.19 ,306.73 ,308.41 ,306.53 ,305.16 ,304.91 ,304.9  ,302.95 ,305.74 ,302.77 ,307.81 ,306.29 ,304.29 ,305.48 ,306.94 ,306.45 ,306.79 ,11.09 ,18.59 ,19.35 ,17.82 ,16.39 ,15.99 ,17.54 ,15.72 ,14.36 ,12.57 ,12.66 ,19.13 ,0.19  ,-0.06 ,-0.23 ,0.03
    31 ,8.4   ,  145.71 ,1009.13 ,24.38 ,919.92 ,1.182 ,-893.52  ,-615.17  ,-604.45  ,-529.18 ,-445.03 ,-384.32 ,-342.76 ,-317.14 ,-275.51 ,-245.72 ,-212.04 ,-210.72 ,-194.91 ,-179.92 ,-167.01 ,-143.81 ,-115.43 ,-96.13  ,-75.37  ,-62.64  ,-44.24  ,-20.88  ,-2.13  ,11.91  ,34     ,-893.9   ,184.71  ,295.81  ,229.15  ,168.23  ,133.79  ,110.3   ,94.74   ,82.69   ,72.79   ,64.35  ,57.69  ,50.87  ,47.08  ,42.86  ,39.31  ,36.67  ,35.55  ,34.41  ,35.33  ,36.69  ,38.73 ,41.75 ,34     ,301.9  ,300.57 ,300.86 ,300.5  ,301.92 ,302.19 ,301.16 ,301.67 ,302.35 ,302.78 ,302.72 ,300.55 ,301.39 ,300.38 ,301.52 ,300.77 ,301.7  ,301.66 ,302.44 ,302.66 ,301.22 ,301.34 ,289.22 ,259.62 ,237.16 ,238.88 ,265.7  ,290.32 ,300.04 ,302.58 ,300.65 ,303.5  ,305.69 ,308.17 ,305.33 ,304.23 ,303.48 ,303.82 ,301.94 ,304.77 ,301.8  ,306.62 ,305.26 ,303.28 ,304.44 ,305.91 ,305.41 ,306.01 ,11.09 ,18.75 ,19.52 ,17.95 ,16.63 ,16.18 ,17.82 ,16.2  ,14.44 ,12.64 ,12.75 ,19.38 ,0.45  ,-0.06 ,-0.23 ,0.01
    32 ,8.6   ,  145.07 ,1009.15 ,24.4  ,919.8  ,1.182 ,-989.56  ,-654.7   ,-641.17  ,-550.16 ,-461.75 ,-399.47 ,-354.98 ,-311.02 ,-274.87 ,-248.88 ,-216.65 ,-214.54 ,-199.18 ,-181.88 ,-168.94 ,-144.63 ,-116.22 ,-96.51  ,-75.07  ,-62.21  ,-43.68  ,-20.14  ,-1.98  ,11.93  ,33.61  ,-991.57  ,164.77  ,298.8   ,236.09  ,175.52  ,140.36  ,115.76  ,100.1   ,87.63   ,77.32   ,68.52  ,61.55  ,54.31  ,50.41  ,45.98  ,42.12  ,39.3   ,37.98  ,36.56  ,37.27  ,38.32  ,40.17 ,42.86 ,33.61  ,303.45 ,302.24 ,302.62 ,302.09 ,303.52 ,303.41 ,302.61 ,303.26 ,303.95 ,304.41 ,304.35 ,302.08 ,302.77 ,302.08 ,303.08 ,302.3  ,303.26 ,303.33 ,304.1  ,304.21 ,302.56 ,300    ,282.19 ,250.38 ,234.09 ,244.83 ,273.36 ,295.56 ,302.3  ,304.19 ,302.13 ,305    ,305.2  ,307.13 ,304.77 ,303.95 ,303.18 ,303.63 ,301.65 ,304.41 ,301.26 ,306.13 ,304.93 ,302.98 ,304.05 ,305.51 ,305.02 ,305.5  ,10.84 ,18.72 ,19.5  ,17.94 ,16.54 ,15.97 ,17.39 ,15.84 ,14.21 ,12.48 ,12.6  ,19.27 ,-0.01 ,-0.08 ,-0.23 ,-0.13
    33 ,8.8   ,  144.28 ,1009.15 ,24.41 ,919.88 ,1.181 ,-1055.94 ,-682.68  ,-665.84  ,-566.43 ,-474.09 ,-411.79 ,-353.7  ,-311.42 ,-277.04 ,-255.13 ,-222.65 ,-218.43 ,-202.25 ,-184.01 ,-170.32 ,-146.53 ,-117.44 ,-97.75  ,-76.33  ,-63.14  ,-44.93  ,-21.18  ,-2.74  ,10.62  ,31.83  ,-1056.37 ,150.02  ,298.69  ,239.11  ,178.72  ,142.51  ,117.9   ,101.99  ,89.27   ,78.7    ,69.7   ,62.52  ,55.16  ,51.03  ,46.45  ,42.47  ,39.48  ,38.02  ,36.4   ,36.96  ,37.9   ,39.56 ,42.11 ,31.83  ,302.87 ,301.57 ,302    ,301.59 ,302.85 ,302.6  ,302.12 ,302.73 ,303.43 ,303.73 ,303.69 ,301.61 ,302.22 ,301.53 ,302.4  ,301.74 ,302.75 ,302.77 ,303.36 ,303.55 ,301.56 ,296.98 ,275.71 ,244.73 ,231.27 ,246.1  ,275.53 ,296.13 ,301.71 ,303.68 ,301.69 ,304.34 ,304.76 ,307.65 ,304.37 ,303.43 ,302.67 ,303.08 ,301.06 ,303.83 ,300.9  ,305.68 ,304.37 ,302.48 ,303.62 ,305.2  ,304.22 ,305.07 ,10.63 ,18.53 ,19.34 ,17.78 ,16.36 ,15.74 ,17.18 ,15.7  ,13.99 ,12.2  ,12.31 ,19.15 ,0.47  ,-0.02 ,-0.19 ,-0.1
    34 ,9     ,  141.44 ,1009.16 ,24.42 ,919.77 ,1.181 ,-1120.77 ,-705.8   ,-691.9   ,-584.6  ,-488.67 ,-422.83 ,-344.82 ,-313.46 ,-283.33 ,-262.17 ,-228.07 ,-221.56 ,-203.78 ,-185.41 ,-171.95 ,-146.29 ,-117.81 ,-97.85  ,-76.25  ,-63.08  ,-44.19  ,-20.9   ,-2.92  ,10.3   ,31.23  ,-1123.03 ,138.31  ,300.54  ,244.43  ,184.26  ,146.89  ,121.8   ,105.45  ,92.38   ,81.63   ,72.4   ,65.03  ,57.5   ,53.12  ,48.34  ,44.2   ,41.11  ,39.44  ,37.68  ,38.12  ,38.87  ,40.37 ,42.74 ,31.23  ,304.84 ,303.51 ,304.05 ,303.5  ,305.07 ,304.54 ,304.06 ,304.76 ,305.38 ,305.84 ,305.73 ,303.42 ,304.1  ,303.57 ,304.38 ,303.57 ,304.61 ,304.78 ,305.49 ,305.68 ,303.09 ,295.14 ,270.56 ,240.8  ,232.67 ,251.47 ,280.61 ,299.25 ,304    ,305.57 ,303.56 ,306.27 ,300.92 ,303.46 ,300.34 ,299.95 ,298.94 ,299.15 ,297.26 ,299.87 ,297.23 ,301.72 ,300.45 ,298.65 ,299.96 ,301.26 ,300.71 ,301.12 , 9.95 ,17.83 ,18.57 ,16.98 ,15.49 ,14.72 ,15.88 ,14.69 ,13.33 ,11.46 ,11.56 ,18.43 ,-0.28 ,-0.06 ,-0.16 ,0.1
    35 ,9.2   ,  146.83 ,1009.14 ,24.44 ,920.48 ,1.181 ,-1155.07 ,-710.61  ,-705.6   ,-593.49 ,-497.6  ,-405.8  ,-341.77 ,-315.12 ,-284.83 ,-262.87 ,-228.47 ,-220.5  ,-203.34 ,-184.62 ,-170.52 ,-146.04 ,-116.67 ,-96.58  ,-75.22  ,-62.06  ,-43.64  ,-20.36  ,-2.96  ,9.24   ,29.37  ,-1157.41 ,127.07  ,298.06  ,244.8   ,185.21  ,147.77  ,122.81  ,106.42  ,93.32   ,82.45   ,73.17  ,65.77  ,58.05  ,53.65  ,48.79  ,44.59  ,41.37  ,39.63  ,37.74  ,38.06  ,38.62  ,39.96 ,42.12 ,29.37  ,301.94 ,300.67 ,301.13 ,300.65 ,301.98 ,301.51 ,301.24 ,301.75 ,302.33 ,302.89 ,302.78 ,300.69 ,301.3  ,300.57 ,301.63 ,300.75 ,301.79 ,301.99 ,302.47 ,302.54 ,299.15 ,289.03 ,262.75 ,233.72 ,230.12 ,251.25 ,280.39 ,297.24 ,301.21 ,302.68 ,300.85 ,303.47 ,310.18 ,312.3  ,310.27 ,308.82 ,308.3  ,308.63 ,306.69 ,309.53 ,306.68 ,311.26 ,310.33 ,308.06 ,309.19 ,310.58 ,309.91 ,310.49 , 9.78 ,18.04 ,18.82 ,17.19 ,15.65 ,14.74 ,15.82 ,14.73 ,13.33 ,11.37 ,11.48 ,18.67 ,-0.24 ,-0.05 ,-0.17 ,0.07
    36 ,9.2   ,  143.5  ,1009.15 ,24.45 ,919.93 ,1.181 ,-1176.15 ,-717.97  ,-716.86  ,-601.53 ,-505.26 ,-407.81 ,-344.53 ,-318.13 ,-288.26 ,-266.41 ,-231.01 ,-222.41 ,-205.31 ,-185.68 ,-170.87 ,-145.83 ,-117.83 ,-97.37  ,-75.42  ,-62.46  ,-43.55  ,-20.57  ,-2.71  ,9.86   ,30.15  ,-1178.34 ,125.17  ,301.21  ,248.35  ,188.18  ,150.09  ,125.26  ,108.36  ,95.07   ,84.08   ,74.66  ,67.23  ,59.33  ,54.86  ,49.93  ,45.68  ,42.37  ,40.62  ,38.68  ,39     ,39.56  ,40.85 ,43.04 ,30.15  ,305.24 ,303.88 ,304.44 ,304    ,305.55 ,304.72 ,304.41 ,305.14 ,305.73 ,306.27 ,306.05 ,303.86 ,304.57 ,304.12 ,304.77 ,304.08 ,304.97 ,305.14 ,305.96 ,306.01 ,302.24 ,291.16 ,264.45 ,235.99 ,233.08 ,254.56 ,283.02 ,300    ,304.53 ,305.95 ,303.94 ,306.66 ,302.86 ,304.91 ,302.43 ,301.69 ,300.79 ,301.03 ,299.07 ,301.81 ,299.07 ,303.65 ,302.61 ,300.53 ,301.73 ,303.28 ,302.56 ,303.09 ,10.56 ,18.56 ,19.33 ,17.75 ,16.19 ,15.3  ,16.29 ,15.26 ,14    ,12.08 ,12.16 ,19.18 ,0.79  ,-0.08 ,-0.18 ,0.08
    37 ,9.3   ,  143.51 ,1009.13 ,24.46 ,920.84 ,1.181 ,-1206.92 ,-721.57  ,-734.78  ,-629.17 ,-496.25 ,-403.14 ,-351.51 ,-324.66 ,-293.45 ,-269.11 ,-233.27 ,-224.27 ,-207.23 ,-187.14 ,-172.71 ,-146.92 ,-118.53 ,-98.36  ,-76.36  ,-63.13  ,-44.51  ,-21.73  ,-3.68  ,8.06   ,27.66  ,-1210.73 ,117.9   ,300.9   ,248.91  ,188.9   ,150.65  ,125.54  ,108.58  ,95.17   ,84.02   ,74.54  ,66.97  ,58.94  ,54.42  ,49.32  ,45.04  ,41.67  ,39.78  ,37.74  ,38.03  ,38.37  ,39.55 ,41.52 ,27.66  ,304.67 ,303.5  ,303.88 ,303.33 ,304.93 ,304.39 ,303.83 ,304.48 ,305.45 ,305.76 ,305.43 ,303.32 ,303.97 ,303.48 ,304.23 ,303.42 ,304.32 ,304.59 ,305.34 ,305.3  ,300.92 ,288.18 ,261.02 ,233.15 ,231.9  ,254.98 ,283.83 ,300.05 ,304.02 ,305.35 ,303.44 ,306.16 ,307.43 ,309.58 ,307.43 ,306.08 ,305.46 ,305.95 ,303.72 ,306.66 ,303.67 ,308.55 ,307.2  ,305.11 ,306.41 ,307.79 ,307.18 ,307.6  , 9.83 ,18.03 ,18.77 ,17.17 ,15.64 ,14.65 ,15.63 ,14.73 ,13.38 ,11.39 ,11.46 ,18.68 ,-0.36 ,-0.08 ,-0.21 ,0.08
    38 ,9.4   ,  143.63 ,1009.11 ,24.48 ,919.81 ,1.181 ,-1217.68 ,-715.82  ,-734.58  ,-653.27 ,-480.01 ,-401.59 ,-350.94 ,-323.11 ,-291.81 ,-267.89 ,-231.14 ,-222.31 ,-205.19 ,-185.02 ,-170.12 ,-145.63 ,-116.93 ,-96.62  ,-74.61  ,-61.87  ,-43.55  ,-21.48  ,-4.44  ,6.79   ,25.75  ,-1221.22 ,111.57  ,297.5   ,247.78  ,188.51  ,150.69  ,125.46  ,108.6   ,95.22   ,84.09   ,74.62  ,67.05  ,59.12  ,54.46  ,49.35  ,44.98  ,41.53  ,39.57  ,37.47  ,37.54  ,37.93  ,38.95 ,40.93 ,25.75  ,301.66 ,300.48 ,300.93 ,300.29 ,301.65 ,301.38 ,300.94 ,301.44 ,302.31 ,302.47 ,301.98 ,300.4  ,301.09 ,300.24 ,301.14 ,300.51 ,301.57 ,301.59 ,302.23 ,302.08 ,296.84 ,282.23 ,254.68 ,229    ,230.69 ,254.12 ,281.82 ,297.21 ,300.94 ,302.38 ,300.57 ,303.19 ,306.68 ,307.89 ,306.7  ,305.47 ,304.8  ,305.21 ,303.1  ,306.06 ,303.08 ,307.93 ,306.65 ,304.47 ,305.65 ,307.28 ,306.63 ,307.04 , 9.91 ,18.16 ,18.93 ,17.31 ,15.82 ,14.81 ,15.88 ,15.1  ,13.47 ,11.53 ,11.59 ,18.81 ,-0.42 ,-0.09 ,-0.22 ,0.09
    39 ,9.5   ,  143.16 ,1009.16 ,24.5  ,920.28 ,1.181 ,-1235.09 ,-720.8   ,-753.98  ,-669.38 ,-477.48 ,-407.18 ,-357.95 ,-326.06 ,-293.41 ,-269.69 ,-232.77 ,-223.53 ,-205.46 ,-185.92 ,-170    ,-145.15 ,-116.69 ,-96.37  ,-74.37  ,-61.36  ,-43.07  ,-20.98  ,-4.48  ,6.58   ,25.52  ,-1237.67 ,106.14  ,300.34  ,251.51  ,191.62  ,153.25  ,128.66  ,111.01  ,97.47   ,86.17   ,76.57  ,68.91  ,60.74  ,56.02  ,50.81  ,46.37  ,42.84  ,40.8   ,38.56  ,38.56  ,38.8   ,39.8  ,41.69 ,25.52  ,304.48 ,303.21 ,303.79 ,303.03 ,304.7  ,304.01 ,303.56 ,304.32 ,305.13 ,305.35 ,304.58 ,303.1  ,303.7  ,303.12 ,303.94 ,303.19 ,304.26 ,304.27 ,305.09 ,304.8  ,298.5  ,283.17 ,254.58 ,229.14 ,232.16 ,257.95 ,285.99 ,300.22 ,303.79 ,305.22 ,303.19 ,305.96 ,304.35 ,304.71 ,304.04 ,302.92 ,302.13 ,302.58 ,300.53 ,303.29 ,300.36 ,304.97 ,303.92 ,301.86 ,302.91 ,305    ,303.87 ,304.38 , 9.97 ,18.14 ,18.9  ,17.29 ,15.8  ,14.58 ,15.51 ,14.8  ,13.54 ,11.57 ,11.6  ,18.8  ,-0.11 ,-0.05 ,-0.19 ,0.1
    40 ,9.6   ,  143.63 ,1009.17 ,24.5  ,919.72 ,1.181 ,-1256.29 ,-721.65  ,-769.76  ,-693    ,-466.15 ,-407.54 ,-358.4  ,-326.08 ,-293.57 ,-268.27 ,-231.77 ,-221.95 ,-203.97 ,-183.86 ,-168.96 ,-144.01 ,-115.53 ,-94.95  ,-73.34  ,-60.56  ,-42.59  ,-20.65  ,-4.44  ,6.07   ,24.93  ,-1258.89 ,104.32  ,299.33  ,251.81  ,192.79  ,154.22  ,129.29  ,111.83  ,98.24   ,86.88   ,77.24  ,69.56  ,61.43  ,56.56  ,51.28  ,46.84  ,43.21  ,41.1   ,38.82  ,38.77  ,38.9   ,39.77 ,41.45 ,24.93  ,303.27 ,301.93 ,302.61 ,302.09 ,303.55 ,303.02 ,302.47 ,303.26 ,304.02 ,304.21 ,303.38 ,302.11 ,302.73 ,302.05 ,302.95 ,302.23 ,303.26 ,303.27 ,304.01 ,303.38 ,295.64 ,278.78 ,250.89 ,228.12 ,232.22 ,257.16 ,284.14 ,298.65 ,302.74 ,304.08 ,302.24 ,304.87 ,304.92 ,307.46 ,304.62 ,303.48 ,302.65 ,302.96 ,300.94 ,303.74 ,300.97 ,305.52 ,304.33 ,302.29 ,303.31 ,305.39 ,304.47 ,304.79 ,10.39 ,18.61 ,19.33 ,17.73 ,16.25 ,15.01 ,16.03 ,15.38 ,13.98 ,12.01 ,12.03 ,19.25 ,0.41  ,-0.08 ,-0.18 ,0.09
    41 ,9.7   ,  145.23 ,1009.14 ,24.52 ,920.29 ,1.181 ,-1280.91 ,-735.19  ,-790.18  ,-721.5  ,-470.18 ,-410.65 ,-362.92 ,-329.13 ,-296.79 ,-271.23 ,-233.32 ,-224.25 ,-204.65 ,-184.49 ,-169.27 ,-144    ,-115.75 ,-95.26  ,-73.4   ,-60.71  ,-42.78  ,-21.21  ,-5.07  ,4.72   ,22     ,-1284.55 ,98.56   ,300.01  ,253.5   ,194.34  ,155.42  ,130.52  ,112.76  ,99.03   ,87.52   ,77.75  ,69.95  ,61.62  ,56.72  ,51.33  ,46.79  ,43.06  ,40.88  ,38.46  ,38.25  ,38.33  ,39.08 ,40.7  ,22     ,303.97 ,302.72 ,303.31 ,302.69 ,304.21 ,303.6  ,303.11 ,303.84 ,304.84 ,305.11 ,304.05 ,302.67 ,303.42 ,302.77 ,303.49 ,302.89 ,303.86 ,303.93 ,304.95 ,304.05 ,295.1  ,276.92 ,249.49 ,227.96 ,232.52 ,257.28 ,284.39 ,298.49 ,303.26 ,304.67 ,302.83 ,305.54 ,304.77 ,306.65 ,304.43 ,303.38 ,302.42 ,302.88 ,300.8  ,303.82 ,300.79 ,305.58 ,304.27 ,302.23 ,303.23 ,305.33 ,304.38 ,305.1  , 9.5  ,17.81 ,18.55 ,16.91 ,15.38 ,14.05 ,14.99 ,14.39 ,13.12 ,11.09 ,11.17 ,18.47 ,-0.55 ,-0.07 ,-0.18 ,0.08
    42 ,9.8   ,  144.65 ,1009.14 ,24.54 ,919.26 ,1.181 ,-1292.83 ,-743.43  ,-804.48  ,-704.59 ,-480.71 ,-415.57 ,-366.87 ,-331.69 ,-298.43 ,-271.66 ,-233.63 ,-223.74 ,-205.13 ,-184.18 ,-168.76 ,-143.25 ,-114.9  ,-94.21  ,-72.47  ,-59.81  ,-42.13  ,-21.4   ,-6.25  ,3.22   ,19.72  ,-1297.27 ,93.64   ,300.74  ,254.96  ,195.9   ,157.23  ,132.03  ,113.96  ,100.12  ,88.5    ,78.61  ,70.71  ,62.25  ,57.28  ,51.78  ,47.17  ,43.32  ,41.05  ,38.52  ,38.21  ,38.16  ,38.73 ,40.17 ,19.72  ,304.66 ,303.64 ,304.02 ,303.4  ,304.69 ,304.37 ,304.05 ,304.69 ,305.84 ,306.14 ,304.86 ,303.36 ,304.16 ,303.81 ,304.35 ,303.64 ,304.69 ,304.76 ,305.87 ,304.67 ,294.21 ,275.34 ,247.76 ,228.13 ,234.51 ,259.72 ,286.27 ,299.68 ,304.14 ,305.53 ,303.55 ,306.31 ,305.45 ,306.81 ,305.25 ,303.95 ,303.25 ,303.62 ,301.56 ,304.48 ,301.32 ,306.11 ,304.87 ,302.93 ,303.6  ,305.97 ,305    ,305.51 , 9.72 ,18.08 ,18.81 ,17.2  ,15.67 ,14.21 ,15.19 ,14.73 ,13.31 ,11.33 ,11.37 ,18.71 ,-0.02 ,-0.04 ,-0.17 ,0.06
    43 ,9.9   ,  144.55 ,1009.11 ,24.57 ,919.18 ,1.181 ,-1304.03 ,-748.13  ,-817.1   ,-720.44 ,-486.47 ,-419.04 ,-369.4  ,-333.33 ,-302.76 ,-273.46 ,-234.84 ,-224.4  ,-205.73 ,-184.01 ,-168.05 ,-143.15 ,-113.92 ,-93.54  ,-71.45  ,-59.2   ,-41.6   ,-21.02  ,-6.52  ,2.18   ,18.28  ,-1308.09 ,87.55   ,301.16  ,256.91  ,197.92  ,158.5   ,133.06  ,115.12  ,101.19  ,89.41   ,79.41  ,71.43  ,62.88  ,57.83  ,52.22  ,47.49  ,43.51  ,41.19  ,38.54  ,38.17  ,37.97  ,38.44 ,39.73 ,18.28  ,304.8  ,304.3  ,304.66 ,303.9  ,305.24 ,305.19 ,304.63 ,305.34 ,306.5  ,306.81 ,305.54 ,303.88 ,304.82 ,304.39 ,305.1  ,304.26 ,305.19 ,305.45 ,306.32 ,305.24 ,293.42 ,273.42 ,246.55 ,227.91 ,235.09 ,259.88 ,285.88 ,299.25 ,304.64 ,306.12 ,304.08 ,306.98 ,305.43 ,307.17 ,305.15 ,304.05 ,303.04 ,303.55 ,301.47 ,304.35 ,301.44 ,306.17 ,304.96 ,302.86 ,303.37 ,306.01 ,304.86 ,305.44 , 9.82 ,18.24 ,18.98 ,17.41 ,15.9  ,14.18 ,15.23 ,14.99 ,13.54 ,11.55 ,11.6  ,18.9  ,-0.34 ,-0.07 ,-0.21 ,-0.01
    44 ,10    ,  142.93 ,1009.13 ,24.57 ,920.15 ,1.181 ,-1314.94 ,-745.8   ,-827.19  ,-714.19 ,-487.73 ,-418.82 ,-368.52 ,-332.68 ,-302.15 ,-272.32 ,-233.22 ,-222.96 ,-204.09 ,-182.98 ,-166.75 ,-141.92 ,-113.29 ,-92.86  ,-71.01  ,-58.65  ,-41.64  ,-21.94  ,-7.27  ,0.94   ,16.1   ,-1319.62 ,80.89   ,298.9   ,256.01  ,197.28  ,158.26  ,132.97  ,114.76  ,100.8   ,89      ,78.98  ,70.92  ,62.36  ,57.22  ,51.59  ,46.79  ,42.84  ,40.31  ,37.66  ,37.09  ,36.86  ,37.19 ,38.36 ,16.1   ,302.44 ,301.8  ,302.27 ,301.76 ,302.89 ,302.73 ,302.41 ,302.99 ,304.03 ,303.83 ,303.29 ,301.53 ,302.51 ,301.89 ,302.82 ,301.98 ,303.03 ,303.09 ,304.15 ,302.37 ,288.97 ,267.8  ,241.84 ,225.31 ,233.84 ,259.06 ,284.33 ,297.13 ,302.14 ,303.94 ,301.89 ,304.69 ,303.03 ,305.45 ,302.86 ,301.94 ,301.05 ,301.31 ,299.22 ,302.12 ,299.14 ,303.81 ,302.52 ,300.54 ,301.06 ,303.98 ,302.83 ,303.19 , 9.47 ,17.77 ,18.55 ,16.92 ,15.43 ,13.47 ,14.36 ,14.36 ,13.19 ,11.19 ,11.15 ,18.43 ,-0.64 ,-0.06 ,-0.19 ,0.12
    45 ,10.1  ,  143.58 ,1009.12 ,24.59 ,919.3  ,1.181 ,-1340.08 ,-756.96  ,-845.19  ,-684.44 ,-492.75 ,-421.44 ,-371.4  ,-334.85 ,-303.11 ,-272.45 ,-234.21 ,-223.46 ,-204.26 ,-182.77 ,-166.12 ,-141.17 ,-112.21 ,-91.5   ,-69.71  ,-57.67  ,-40.79  ,-20.75  ,-7.25  ,0.93   ,15.58  ,-1344.08 ,76.31   ,300.67  ,258.47  ,199.91  ,160.82  ,135.22  ,116.93  ,102.8   ,90.91   ,80.7   ,72.54  ,63.93  ,58.71  ,52.93  ,48.05  ,43.97  ,41.4   ,38.64  ,38.05  ,37.68  ,37.94 ,38.88 ,15.58  ,304.5  ,303.97 ,304.32 ,303.73 ,305.03 ,304.9  ,304.37 ,304.95 ,306.08 ,305.9  ,305.16 ,303.36 ,304.6  ,304.23 ,304.77 ,304.02 ,305    ,305.03 ,305.82 ,303.79 ,289.51 ,267.75 ,241.21 ,225.81 ,234.84 ,259.77 ,284.34 ,298.18 ,304.03 ,305.88 ,303.84 ,306.67 ,305.09 ,307.2  ,304.95 ,303.71 ,302.88 ,303.25 ,301.16 ,304.12 ,301.13 ,305.91 ,304.55 ,302.48 ,302.99 ,306.12 ,304.62 ,305.38 , 9.83 ,18.3  ,19.12 ,17.54 ,16.09 ,14.21 ,15.24 ,15.25 ,13.59 ,11.68 ,11.63 ,18.98 ,0.01  ,-0.07 ,-0.24 ,-0.19
    46 ,10.3  ,  144.08 ,1009.11 ,24.6  ,919.48 ,1.181 ,-1381.16 ,-773.7   ,-880.6   ,-621.99 ,-500.91 ,-426.39 ,-374.84 ,-337.32 ,-304.78 ,-273.76 ,-234.56 ,-223.5  ,-204.02 ,-182.3  ,-165.7  ,-139.89 ,-111.04 ,-91     ,-69.1   ,-57.35  ,-40.79  ,-21.31  ,-8.33  ,-0.79  ,13.44  ,-1384.39 ,63.74   ,300.38  ,260.44  ,203.1   ,163.33  ,137.3   ,118.89  ,104.54  ,92.44   ,82.01  ,73.67  ,64.91  ,59.52  ,53.57  ,48.53  ,44.26  ,41.55  ,38.67  ,37.9   ,37.33  ,37.39 ,38.13 ,13.44  ,304.84 ,304.29 ,304.72 ,304.2  ,305.27 ,305.2  ,304.8  ,305.39 ,306.72 ,306.14 ,305.46 ,303.82 ,304.95 ,304.61 ,305.01 ,304.31 ,305.32 ,305.38 ,306.2  ,302.84 ,287    ,265.79 ,239.59 ,224.06 ,231.49 ,255.12 ,281.21 ,296.67 ,303.77 ,306.16 ,304.14 ,307.13 ,305.19 ,306.63 ,304.75 ,303.52 ,302.89 ,303.24 ,301.13 ,304.2  ,300.88 ,305.92 ,304.6  ,302.52 ,303.01 ,306.15 ,304.44 ,305.8  , 9.34 ,17.83 ,18.61 ,16.98 ,15.46 ,13.4  ,14.2  ,14.5  ,13.15 ,11.08 ,11.06 ,18.46 ,-0.98 ,-0.06 ,-0.2  ,0.02
    47 ,10.5  ,  142.19 ,1009.1  ,24.62 ,919.46 ,1.181 ,-1422.45 ,-796.19  ,-920.15  ,-587.01 ,-510.95 ,-432.11 ,-378.77 ,-342.65 ,-307.15 ,-275.85 ,-235.97 ,-223.88 ,-204.47 ,-182.07 ,-167.38 ,-138.61 ,-110.39 ,-90.85  ,-68.1   ,-56.74  ,-40.64  ,-21.99  ,-9.59  ,-2.78  ,10.33  ,-1424.76 ,50.7    ,300.14  ,263.53  ,206.04  ,166.05  ,139.33  ,120.82  ,106.18  ,93.94   ,83.3   ,74.77  ,65.99  ,60.31  ,54.18  ,48.97  ,44.55  ,41.66  ,38.59  ,37.64  ,36.91  ,36.74 ,37.28 ,10.33  ,305.03 ,304.45 ,304.08 ,304.37 ,305.53 ,305.37 ,305.01 ,305.66 ,306.96 ,306.43 ,305.7  ,304.11 ,305.26 ,304.73 ,305.1  ,304.62 ,305.21 ,305.52 ,306.45 ,301.27 ,284.13 ,262.07 ,236.96 ,221.68 ,229.15 ,252.37 ,278.32 ,295.4  ,303.78 ,305.94 ,304.49 ,307.12 ,305.66 ,306.61 ,305.35 ,304.15 ,303.54 ,303.95 ,301.66 ,304.78 ,302.02 ,306.57 ,305.21 ,303.17 ,303.52 ,306.67 ,305.39 ,306.59 , 9.92 ,18.46 ,19.22 ,17.61 ,16.01 ,13.7  ,14.39 ,15.02 ,13.71 ,11.67 ,11.66 ,19.08 ,-0.24 ,-0.08 ,-0.2  ,0.04
    48 ,10.7  ,  143.72 ,1009.09 ,24.63 ,919.68 ,1.181 ,-1416.99 ,-792.88  ,-915.36  ,-586.75 ,-507.61 ,-430.26 ,-377.51 ,-341.42 ,-305.48 ,-273.89 ,-234.97 ,-222.43 ,-203.14 ,-180.68 ,-167.17 ,-138.31 ,-109.2  ,-89.93  ,-67.23  ,-55.87  ,-39.87  ,-21.09  ,-9.03  ,-2.58  ,10.92  ,-1419.72 ,51.58   ,300.04  ,262.92  ,205.84  ,166.13  ,139.56  ,121.02  ,106.44  ,94.18   ,83.56  ,74.97  ,66.14  ,60.65  ,54.53  ,49.37  ,44.98  ,41.99  ,39.02  ,38.06  ,37.34  ,37.19 ,37.78 ,10.92  ,304.88 ,304.43 ,304.01 ,304.2  ,305.51 ,305.15 ,304.63 ,305.43 ,306.89 ,306.21 ,305.46 ,303.98 ,304.97 ,304.7  ,305.22 ,304.37 ,304.7  ,305.4  ,306.28 ,301.06 ,284.17 ,262.64 ,237.11 ,221.28 ,228.77 ,251.91 ,277.94 ,295.09 ,303.29 ,305.36 ,304.2  ,306.65 ,305.11 ,306.29 ,304.78 ,303.59 ,303    ,303.28 ,301.21 ,304.09 ,301.71 ,305.95 ,304.71 ,302.51 ,303.01 ,306.17 ,304.73 ,305.98 , 9.19 ,17.77 ,18.53 ,16.97 ,15.29 ,12.91 ,13.56 ,14.31 ,13.03 ,10.95 ,10.93 ,18.42 ,-0.55 ,-0.07 ,-0.2  ,-0.01
    49 ,10.9  ,  143.8  ,1009.07 ,24.62 ,920.33 ,1.181 ,-1472.93 ,-888.27  ,-1005.4  ,-585.34 ,-521.58 ,-436.37 ,-381.79 ,-344.2  ,-306.93 ,-274.91 ,-234.03 ,-221.32 ,-200.02 ,-177.61 ,-163.02 ,-134.34 ,-105.1  ,-85.97  ,-64.47  ,-53.87  ,-39.15  ,-22.59  ,-11.84 ,-6.25  ,4.98   ,-1475.82 ,25.18   ,297.31  ,267.51  ,210.65  ,170.74  ,143.46  ,124.76  ,109.82  ,97.26   ,86.35  ,77.45  ,68.51  ,62.64  ,56.21  ,50.74  ,46.01  ,42.66  ,39.41  ,38.1   ,36.99  ,36.35 ,36.27 ,4.98   ,303.86 ,303.6  ,302.9  ,303.38 ,304.34 ,304.24 ,303.72 ,304.4  ,305.77 ,305.11 ,304.55 ,303.01 ,304.06 ,303.55 ,304.18 ,303.31 ,303.66 ,304.07 ,303.77 ,295.81 ,274.24 ,250.55 ,228.44 ,217.43 ,228.82 ,252.76 ,278.11 ,294.18 ,302.04 ,304.15 ,303.26 ,305.37 ,304.83 ,306.67 ,304.48 ,303.38 ,302.56 ,303.05 ,300.92 ,303.86 ,301.39 ,305.64 ,304.3  ,302.21 ,302.69 ,305.8  ,304.45 ,305.61 , 9.68 ,18.32 ,19.07 ,17.5  ,15.74 ,13.31 ,13.83 ,14.91 ,13.55 ,11.49 ,11.44 ,18.98 ,-0.25 ,-0.06 ,-0.23 ,0.04
    50 ,11.1  ,  144.08 ,1009.08 ,24.64 ,919.95 ,1.18  ,-1347.97 ,-959.26  ,-1084.74 ,-621.24 ,-535.95 ,-446.35 ,-389.11 ,-351.75 ,-312.29 ,-278.38 ,-237.22 ,-223.73 ,-202.66 ,-178.85 ,-163.8  ,-134.23 ,-104.6  ,-86     ,-64.45  ,-54.04  ,-40.17  ,-24.67  ,-14.43 ,-9.94  ,0.69   ,-1351.12 ,4.64    ,298.45  ,271.89  ,214.21  ,174.45  ,146.09  ,127.16  ,111.88  ,98.99   ,87.85  ,78.64  ,69.51  ,63.4   ,56.82  ,51.07  ,46.15  ,42.61  ,39.15  ,37.66  ,36.34  ,35.49 ,35.37 ,0.69   ,306.39 ,305.92 ,305.32 ,305.76 ,306.78 ,306.48 ,306    ,306.77 ,308.08 ,307.7  ,306.93 ,305.37 ,306.4  ,305.91 ,306.6  ,305.71 ,305.94 ,306.37 ,305.27 ,295.85 ,273.23 ,249.13 ,227.77 ,217.74 ,229.61 ,254.03 ,279.12 ,295.39 ,304.06 ,306.39 ,305.58 ,307.86 ,306.6  ,307.45 ,306.27 ,304.93 ,304.46 ,304.78 ,302.67 ,305.68 ,303.32 ,307.41 ,306.08 ,303.96 ,304.41 ,307.52 ,306.16 ,307.55 , 9.7  ,18.48 ,19.25 ,17.62 ,15.8  ,13.15 ,13.64 ,14.9  ,13.68 ,11.54 ,11.5  ,19.11 ,-0.46 ,-0.05 ,-0.17 ,0.03
    51 ,11.3  ,  143.51 ,1009.08 ,24.66 ,919.96 ,1.18  ,-1367.12 ,-966.45  ,-1080.7  ,-642.94 ,-536.31 ,-443.17 ,-385.29 ,-348    ,-308.39 ,-274.64 ,-233.6  ,-220.3  ,-197.92 ,-175.99 ,-159.79 ,-131.2  ,-101.83 ,-83.44  ,-62.83  ,-52.84  ,-40     ,-25.65  ,-15.62 ,-12.16 ,-0.93  ,-1370.22 ,-5.13   ,293.23  ,269.08  ,213.04  ,173.22  ,145.49  ,126.55  ,111.38  ,98.55   ,87.42  ,78.25  ,68.91  ,63.04  ,56.39  ,50.67  ,45.71  ,42.09  ,38.58  ,36.98  ,35.56  ,34.54 ,34.16 ,-0.93  ,301.77 ,301.78 ,301.02 ,301.18 ,302.33 ,302.16 ,301.79 ,302.36 ,302.97 ,302.87 ,302.34 ,300.71 ,301.94 ,301.46 ,302.23 ,301.3  ,301.59 ,301.85 ,299.87 ,289.59 ,266.54 ,243.79 ,222.52 ,214.24 ,227.02 ,250.76 ,275.46 ,291.14 ,299.57 ,301.99 ,301.09 ,303.29 ,305.33 ,306.79 ,304.85 ,303.84 ,303.07 ,303.5  ,301.34 ,304.31 ,301.76 ,306.02 ,304.52 ,302.7  ,303.12 ,306.26 ,304.71 ,306.13 , 9.85 ,18.65 ,19.39 ,17.78 ,15.89 ,13.08 ,13.45 ,15.06 ,13.85 ,11.73 ,11.63 ,19.29 ,-0.14 ,-0.09 ,-0.2  ,0.06
    52 ,11.5  ,  143.78 ,1009.07 ,24.68 ,919.7  ,1.18  ,-1456.24 ,-1045.77 ,-1043.92 ,-689.42 ,-554.91 ,-455.48 ,-394.74 ,-355.61 ,-314.12 ,-279.47 ,-236.4  ,-221.76 ,-198.72 ,-175.49 ,-159.11 ,-128.82 ,-99.2   ,-81.18  ,-61.03  ,-52.21  ,-40.49  ,-27.64  ,-18.9  ,-17.33 ,-5.5   ,-1459.83 ,-22.72  ,298.04  ,277.09  ,220.03  ,180.73  ,150.94  ,131.6   ,115.97  ,102.64  ,91.11  ,81.56  ,71.96  ,65.66  ,58.74  ,52.7   ,47.47  ,43.44  ,39.65  ,37.75  ,36     ,34.65 ,33.88 ,-5.5   ,307.94 ,307.77 ,306.91 ,307.6  ,308.42 ,308.13 ,307.78 ,308.52 ,309.32 ,309.47 ,308.61 ,306.96 ,308.13 ,307.7  ,308.53 ,307.35 ,307.6  ,307.26 ,304.45 ,291.37 ,265.84 ,241.79 ,222.86 ,217.36 ,232.16 ,256.65 ,281.06 ,296.59 ,305.43 ,308.21 ,307.33 ,309.64 ,304.92 ,307.38 ,304.64 ,303.48 ,302.76 ,303.2  ,301.04 ,303.95 ,301.57 ,305.63 ,303.84 ,302.27 ,302.81 ,305.86 ,304.32 ,305.54 , 9.41 ,18.26 ,19.05 ,17.42 ,15.37 ,12.45 ,12.6  ,14.63 ,13.47 ,11.37 ,11.25 ,18.88 ,-0.4  ,-0.06 ,-0.22 ,0.01
    53 ,11.7  ,  143.63 ,1009.09 ,24.69 ,920.15 ,1.18  ,-1472.99 ,-1059.27 ,-1026.31 ,-682.29 ,-550.53 ,-451.13 ,-390.38 ,-351.03 ,-309.82 ,-274.83 ,-231.29 ,-216.03 ,-192.17 ,-168.54 ,-152.11 ,-123.58 ,-93.42  ,-76.22  ,-57.62  ,-50.77  ,-41.07  ,-30.43  ,-22.52 ,-22.6  ,-10.97 ,-1475.92 ,-32.7   ,292.54  ,274.42  ,218.66  ,179.39  ,150.28  ,130.92  ,115.38  ,101.87  ,90.44  ,80.87  ,71.28  ,64.87  ,57.81  ,51.67  ,46.24  ,42.19  ,38.22  ,36.08  ,34.08  ,32.33 ,31.33 ,-10.97 ,303.66 ,303.74 ,302.88 ,303.15 ,304.21 ,304.02 ,303.61 ,304.19 ,304.75 ,305.06 ,304.39 ,302.69 ,303.76 ,303.27 ,304.08 ,303.11 ,303.29 ,302.63 ,297.99 ,282.94 ,256.48 ,234.9  ,218.32 ,214.69 ,229.71 ,253.63 ,277.15 ,292.7  ,300.93 ,303.72 ,302.96 ,305.19 ,305.16 ,306.45 ,304.86 ,303.7  ,303.08 ,303.57 ,301.32 ,304.36 ,301.77 ,305.87 ,304.09 ,302.64 ,303.1  ,306.26 ,304.87 ,305.88 , 9.43 ,18.25 ,19.05 ,17.45 ,15.08 ,12.05 ,12.15 ,14.36 ,13.53 ,11.39 ,11.25 ,18.89 ,-0.64 ,-0.08 ,-0.19 ,0.12
    54 ,11.9  ,  145.83 ,1009.08 ,24.69 ,919.7  ,1.18  ,-1524.9  ,-1088.92 ,-1034.11 ,-690.37 ,-559.02 ,-456.43 ,-393.09 ,-352.87 ,-310.05 ,-273.76 ,-228.77 ,-216.02 ,-187.79 ,-162.3  ,-145.65 ,-118.08 ,-86.94  ,-70.97  ,-54.05  ,-50.16  ,-42.91  ,-35.25  ,-27.99 ,-29.47 ,-16.99 ,-1527.91 ,-41.55  ,293.88  ,278.47  ,222.67  ,183.3   ,153.14  ,133.52  ,117.69  ,103.94  ,92.18  ,82.4   ,72.47  ,65.85  ,58.58  ,52.16  ,46.48  ,42.11  ,37.82  ,35.34  ,33.04  ,30.87 ,29.32 ,-16.99 ,306.89 ,306.94 ,305.71 ,306.43 ,307.39 ,306.89 ,306.68 ,307.31 ,308.17 ,308.33 ,307.42 ,305.84 ,306.98 ,306.55 ,307.42 ,306.22 ,305.92 ,304.5  ,298.66 ,282.37 ,255.51 ,233.73 ,217.83 ,215.82 ,231.74 ,255.56 ,279.26 ,295    ,303.66 ,306.79 ,305.96 ,308.38 ,308.4  ,309.05 ,308.2  ,306.91 ,306.56 ,306.86 ,304.65 ,307.7  ,305.32 ,309.3  ,307.52 ,305.96 ,306.45 ,309.53 ,307.99 ,309.48 , 9.71 ,18.63 ,19.5  ,17.86 ,15.17 ,12.12 ,11.94 ,14.54 ,13.91 ,11.71 ,11.53 ,19.27 ,-0.57 ,-0.05 ,-0.18 ,0.13
    55 ,12.1  ,  144.41 ,1009.1  ,24.71 ,920.7  ,1.18  ,-1520.65 ,-1077.83 ,-1046.87 ,-673.15 ,-546.7  ,-444.35 ,-382.34 ,-339.58 ,-299.06 ,-260.9  ,-216.74 ,-202.75 ,-173.63 ,-147.46 ,-128.93 ,-103.28 ,-74     ,-62.37  ,-50.45  ,-50.84  ,-47.02  ,-41.69  ,-37.33 ,-38.84 ,-24.12 ,-1521.5  ,-46.84  ,287.17  ,273.9   ,219.2   ,180.93  ,151.16  ,131.8   ,116.09  ,102.43  ,90.78  ,80.99  ,70.93  ,64.39  ,57.06  ,50.58  ,44.78  ,40.26  ,35.74  ,32.96  ,30.39  ,27.74 ,25.62 ,-24.12 ,300.61 ,300.74 ,299.73 ,299.94 ,301.12 ,300.83 ,300.84 ,301.12 ,301.55 ,301.65 ,301.25 ,299.75 ,300.91 ,300.35 ,300.89 ,299.9  ,299.72 ,297.27 ,290.37 ,271.75 ,244.79 ,224.98 ,211.57 ,212.13 ,229.45 ,253.68 ,275.77 ,289.95 ,297.78 ,300.64 ,299.88 ,302.04 ,309.05 ,310.59 ,308.93 ,307.68 ,307.27 ,307.57 ,305.42 ,308.46 ,306.04 ,310.21 ,308.24 ,306.67 ,307.17 ,310.36 ,308.93 ,310    , 9.5  ,18.41 ,19.3  ,17.65 ,14.8  ,11.63 ,11.24 ,14.38 ,13.67 ,11.49 ,11.36 ,19.06 ,-0.68 ,-0.09 ,-0.2  ,0.11
    56 ,12.3  ,  143.95 ,1009.1  ,24.72 ,920.03 ,1.18  ,-1580.33 ,-1103.94 ,-1044.13 ,-679.67 ,-549.79 ,-445.94 ,-381.22 ,-337.87 ,-294.56 ,-256.35 ,-210.05 ,-192.52 ,-162.66 ,-134.22 ,-116.08 ,-91.31  ,-66.86  ,-60.03  ,-51.82  ,-54.48  ,-51.94  ,-47.51  ,-44.42 ,-45.29 ,-30.97 ,-1581.11 ,-56.6   ,289.61  ,277.72  ,223.06  ,184.47  ,154.43  ,134.37  ,118.45  ,104.43  ,92.53  ,82.44  ,72.28  ,65.35  ,57.79  ,50.96  ,44.91  ,40.06  ,35.25  ,32.11  ,29.19  ,26.08 ,23.34 ,-30.97 ,304.06 ,304.25 ,303.01 ,303.63 ,304.7  ,304.32 ,304.01 ,304.54 ,305.41 ,305.45 ,304.68 ,303.21 ,304.25 ,303.84 ,304.54 ,303.3  ,302.73 ,299.46 ,291.13 ,271.99 ,243.77 ,225.28 ,213.19 ,215.93 ,234.09 ,257.4  ,279.61 ,293.34 ,301.22 ,303.91 ,303.2  ,305.51 ,305.14 ,307.08 ,305    ,303.93 ,303.35 ,303.64 ,301.58 ,304.45 ,302.05 ,306.25 ,304.17 ,302.74 ,303.32 ,306.48 ,304.88 ,306.27 , 9.69 ,18.51 ,19.4  ,17.74 ,14.57 ,11.7  ,11.01 ,14.49 ,13.77 ,11.64 ,11.5  ,19.14 ,-0.62 ,-0.1  ,-0.2  ,0.1
    57 ,12.5  ,  143.51 ,1009.08 ,24.73 ,919.69 ,1.18  ,-1587.23 ,-1111.03 ,-1050.73 ,-680.61 ,-550.01 ,-446.72 ,-382.2  ,-337.22 ,-293.21 ,-255.47 ,-208.35 ,-190.71 ,-160.57 ,-131.49 ,-114.23 ,-90.2   ,-66.44  ,-60.58  ,-52.81  ,-55.95  ,-53.63  ,-49.32  ,-45.67 ,-47.1  ,-32.2  ,-1589.66 ,-56.77  ,289.93  ,278.46  ,223.37  ,184.66  ,154.3   ,134.68  ,118.66  ,104.62  ,92.69  ,82.53  ,72.34  ,65.37  ,57.85  ,50.92  ,44.78  ,39.91  ,35.06  ,31.9   ,28.87  ,25.73 ,23.06 ,-32.2  ,304.93 ,304.91 ,303.8  ,304.56 ,305.46 ,305.13 ,304.77 ,305.41 ,306.27 ,306.35 ,305.65 ,303.99 ,305.02 ,304.62 ,305.33 ,304.15 ,303.3  ,300.14 ,291.42 ,271.73 ,243.31 ,224.7  ,213.5  ,216.88 ,235.74 ,259.61 ,281.17 ,294.2  ,301.91 ,304.81 ,304.09 ,306.47 ,306.29 ,307.94 ,306.11 ,304.95 ,304.4  ,304.67 ,302.53 ,305.62 ,303.14 ,307.35 ,305.27 ,303.69 ,304.24 ,307.53 ,305.86 ,307.24 , 9.87 ,18.67 ,19.61 ,17.89 ,14.31 ,11.5  ,10.59 ,14.42 ,13.88 ,11.77 ,11.66 ,19.3  ,-0.22 ,-0.07 ,-0.19 ,0.11
    58 ,12.7  ,  144.23 ,1009.11 ,24.75 ,919.88 ,1.18  ,-1571.42 ,-1110.89 ,-1104.66 ,-671.49 ,-542.27 ,-437.24 ,-370.47 ,-324.79 ,-276.88 ,-235.67 ,-187.65 ,-166.82 ,-137.25 ,-108.26 ,-96.19  ,-80.99  ,-65.58  ,-64.48  ,-59.59  ,-64.32  ,-63.42  ,-58.95  ,-55.66 ,-57.82 ,-43.56 ,-1574.07 ,-63.13  ,288.02  ,278.84  ,223.31  ,185.94  ,155.36  ,135.43  ,119.19  ,104.9   ,92.69  ,82.25  ,71.76  ,64.53  ,56.7   ,49.38  ,42.86  ,37.58  ,32.3   ,28.62  ,24.96  ,21.19 ,17.82 ,-43.56 ,303.96 ,304.1  ,303.08 ,303.78 ,304.73 ,304.3  ,303.88 ,304.57 ,305.45 ,305.42 ,304.71 ,302.95 ,304.26 ,303.87 ,304.51 ,302.79 ,301.21 ,296.45 ,285.08 ,262.78 ,234.6  ,218.4  ,211.69 ,217.95 ,237.99 ,261.18 ,281.17 ,293.57 ,300.62 ,303.47 ,303.19 ,305.34 ,307.41 ,309.19 ,307.21 ,306.08 ,305.59 ,305.87 ,303.79 ,306.76 ,304.28 ,308.5  ,306.46 ,304.9  ,305.51 ,308.62 ,307.1  ,308.46 , 9.27 ,18.27 ,19.24 ,17.55 ,13.58 ,10.95 ,10.16 ,14.08 ,13.27 ,11.19 ,11.15 ,18.97 ,-1.11 ,-0.09 ,-0.25 ,-0.06
    59 ,12.9  ,  145.03 ,1009.13 ,24.76 ,920.31 ,1.18  ,-1531.83 ,-1107.67 ,-1134.36 ,-663.51 ,-534.87 ,-429.8  ,-360.45 ,-314.4  ,-265.72 ,-222.47 ,-172.74 ,-151.83 ,-122.26 ,-98.7   ,-91.31  ,-79.96  ,-67.64  ,-68.48  ,-64.47  ,-69.22  ,-68.86  ,-64.2   ,-61.56 ,-64.22 ,-48.77 ,-1533.4  ,-63.93  ,287.62  ,278.97  ,223.8   ,186.73  ,156.15  ,135.74  ,119.37  ,104.98  ,92.63  ,82.07  ,71.4   ,64.03  ,55.99  ,48.46  ,41.76  ,36.25  ,30.72  ,26.75  ,22.75  ,18.73 ,14.97 ,-48.77 ,303.63 ,303.76 ,302.76 ,303.23 ,304.24 ,303.76 ,303.58 ,304.09 ,304.91 ,305    ,304.3  ,302.75 ,303.88 ,303.47 ,303.88 ,302.3  ,299.73 ,293.3  ,280.2  ,256.88 ,229.63 ,216.41 ,211.17 ,220.06 ,240.75 ,262.93 ,282.01 ,293.62 ,300.54 ,303.28 ,302.8  ,304.97 ,308.79 ,310.34 ,308.67 ,307.43 ,307.14 ,307.37 ,305.19 ,308.36 ,305.74 ,309.84 ,307.96 ,306.36 ,306.91 ,310.03 ,308.7  ,310.01 ,10.13 ,19.21 ,20.2  ,18.47 ,14.04 ,11.52 ,10.69 ,14.73 ,14.07 ,12    ,11.97 ,19.95 ,-0.1  ,-0.02 ,-0.19 ,0.03
    60 ,13.3  ,  142.29 ,1009.13 ,24.77 ,919.55 ,1.18  ,-1470.24 ,-1095.23 ,-1166.46 ,-655.24 ,-527.39 ,-420.35 ,-350.03 ,-302.79 ,-252.89 ,-208.02 ,-156.45 ,-136.83 ,-110.79 ,-91.21  ,-89.14  ,-81.46  ,-71.14  ,-72.63  ,-69.6   ,-75.5   ,-74.64  ,-70.08  ,-67.89 ,-70.79 ,-54.66 ,-1471.75 ,-62.4   ,288.05  ,280.03  ,224.89  ,187.71  ,156.77  ,136.94  ,120.39  ,105.81  ,93.34  ,82.64  ,71.68  ,64.28  ,56.03  ,48.37  ,41.43  ,35.63  ,29.91  ,25.68  ,21.37  ,17.07 ,12.97 ,-54.66 ,304.36 ,304.48 ,303.33 ,304.2  ,304.97 ,304.77 ,304.41 ,304.83 ,305.79 ,305.88 ,304.97 ,303.58 ,304.63 ,303.63 ,304.78 ,302.56 ,299.08 ,290.75 ,275.63 ,250.87 ,224.99 ,214.83 ,212.81 ,223.88 ,245.72 ,267.52 ,284.87 ,295.27 ,301.78 ,303.88 ,303.49 ,305.87 ,304.98 ,307.21 ,304.93 ,303.63 ,303.09 ,303.41 ,301.3  ,304.41 ,301.79 ,305.93 ,303.92 ,302.51 ,303.07 ,306.36 ,304.84 ,305.95 , 9.6  ,18.91 ,19.93 ,18.02 ,12.57 ,9.06  , 8.3  ,11.63 ,12.5  ,10.72 ,11.11 ,19.46 ,-0.71 ,-0.08 ,-0.2  ,0.1
    61 ,13.5  ,  144.65 ,1009.14 ,24.78 ,919.52 ,1.18  ,-1369.68 ,-1075.07 ,-1209.42 ,-640.84 ,-509.32 ,-401.8  ,-329.33 ,-278.22 ,-225.16 ,-178.72 ,-128.04 ,-115.66 ,-97.77  ,-88.65  ,-92.5   ,-87.74  ,-80.25  ,-82.47  ,-79.67  ,-86.21  ,-85.26  ,-81.72  ,-80.14 ,-83.19 ,-65.43 ,-1370.27 ,-55.88  ,289.78  ,282.64  ,227.37  ,189.5   ,159.04  ,138.53  ,121.68  ,106.76  ,93.96  ,82.91  ,71.66  ,63.84  ,55.19  ,47.12  ,39.83  ,33.59  ,27.4   ,22.8   ,17.88  ,13.07 , 8.39 ,-65.43 ,306.62 ,306.58 ,305.38 ,306.24 ,307.06 ,306.63 ,306.37 ,306.98 ,308.02 ,308.07 ,307.27 ,305.5  ,306.47 ,305.45 ,306.49 ,302.88 ,297.03 ,285.88 ,268.51 ,243.27 ,220.52 ,214.31 ,218.41 ,232.99 ,255.5  ,276.37 ,291.68 ,299.94 ,304.91 ,306.55 ,305.6  ,308.15 ,306.97 ,308.24 ,306.89 ,305.7  ,305.18 ,305.38 ,303.34 ,306.49 ,303.94 ,308.07 ,306.07 ,304.64 ,305.5  ,308.23 ,306.94 ,307.92 , 8.9  ,18.57 ,19.66 ,17.52 ,11.28 ,7.29  , 6.77 ,9.55  ,10.57 , 9.22 ,10.21 ,19.11 ,-1.18 ,-0.09 ,-0.17 ,0.04
    62 ,13.5  ,  143.85 ,1009.14 ,24.78 ,919.68 ,1.18  ,-1342.7  ,-1052.52 ,-1197.2  ,-629.18 ,-500.14 ,-395.09 ,-322.05 ,-271.93 ,-218.98 ,-173.27 ,-123.24 ,-112.83 ,-96.26  ,-88.31  ,-92.03  ,-88.85  ,-80.96  ,-82.93  ,-80.1   ,-87.05  ,-86.25  ,-82.98  ,-81.03 ,-83.76 ,-66.05 ,-1342.64 ,-53.56  ,285.71  ,278.14  ,223.69  ,185.75  ,156.38  ,135.97  ,119.35  ,104.63  ,91.99  ,81.09  ,70.06  ,62.24  ,53.7   ,45.71  ,38.48  ,32.4   ,26.25  ,21.61  ,16.79  ,11.98 , 7.35 ,-66.05 ,301.93 ,302.14 ,301.08 ,301.51 ,302.53 ,302.13 ,302.13 ,302.35 ,303.26 ,303.27 ,302.62 ,300.93 ,302.05 ,300.85 ,301.64 ,298.29 ,292.7  ,281.49 ,264.52 ,239.89 ,217.21 ,211.48 ,215.74 ,229.87 ,251.25 ,271.46 ,286.58 ,295.28 ,300.22 ,302.11 ,301.14 ,303.44 ,307.49 ,309.56 ,307.32 ,306.25 ,305.78 ,305.9  ,303.84 ,307.03 ,304.44 ,308.72 ,306.7  ,305.31 ,306.27 ,308.81 ,307.53 ,308.7  , 9.17 ,18.79 ,19.86 ,17.78 ,11.33 ,7.41  , 6.94 ,9.41  ,10.95 , 9.61 ,10.49 ,19.31 ,-0.95 ,-0.09 ,-0.17 ,0.07
    63 ,13.7  ,  145.38 ,1009.12 ,24.81 ,920.2  ,1.18  ,-1359    ,-1066.36 ,-1206.62 ,-634.94 ,-503.09 ,-396.11 ,-320.78 ,-269.12 ,-215.6  ,-169.29 ,-119.31 ,-110.53 ,-97.37  ,-88.73  ,-93.43  ,-90.29  ,-83.94  ,-85.32  ,-82.34  ,-89.53  ,-88.58  ,-85.2   ,-83.93 ,-86.33 ,-67.89 ,-1360.25 ,-53.21  ,291.3   ,283.86  ,228.61  ,189.42  ,159.91  ,139.26  ,122.27  ,107.34  ,94.39  ,83.27  ,71.98  ,63.84  ,55.27  ,47.06  ,39.67  ,33.31  ,26.99  ,22.22  ,17.24  ,12.28 , 7.32 ,-67.89 ,307.97 ,307.87 ,306.38 ,307.47 ,308.24 ,307.76 ,307.49 ,308    ,309.23 ,309.21 ,308.59 ,306.74 ,307.92 ,306.61 ,307.48 ,303.54 ,296.91 ,284.78 ,266.06 ,240.79 ,219.2  ,214.3  ,220    ,235.37 ,257.16 ,277.83 ,292.63 ,301.03 ,306.03 ,307.8  ,306.84 ,309.77 ,308.71 ,311.38 ,308.63 ,307.49 ,307.05 ,307.18 ,305.1  ,308.24 ,305.81 ,309.98 ,307.91 ,306.78 ,307.62 ,310.03 ,308.7  ,309.81 , 8.97 ,18.9  ,20.06 ,17.72 ,10.7  ,6.1   , 6.05 ,6.86  , 8.77 , 8.37 ,10    ,19.36 ,-0.63 ,-0.04 ,-0.14 ,0.07
    64 ,13.7  ,  142.66 ,1009.12 ,24.79 ,919.61 ,1.18  ,-1321.16 ,-1042.49 ,-1208.07 ,-623.82 ,-491.85 ,-388.22 ,-310.45 ,-258.26 ,-203.93 ,-161.51 ,-113    ,-106.42 ,-96.85  ,-88.5   ,-94.12  ,-90.46  ,-85.5   ,-86.89  ,-83.77  ,-90.89  ,-90.27  ,-86.92  ,-85.64 ,-88.36 ,-69.01 ,-1322.48 ,-46.91  ,290.07  ,282.09  ,227.37  ,188.47  ,159.32  ,138.7   ,121.78  ,106.89  ,94     ,82.87  ,71.39  ,63.4   ,54.8   ,46.58  ,39.1   ,32.74  ,26.39  ,21.51  ,16.46  ,11.36 , 6.3  ,-69.01 ,306.44 ,306.27 ,304.96 ,305.91 ,306.73 ,306.23 ,306.07 ,306.6  ,307.67 ,307.51 ,307.07 ,305.2  ,306.35 ,305.08 ,305.52 ,301.33 ,293.89 ,280.32 ,260.63 ,234.96 ,214.78 ,213.54 ,223.17 ,240.41 ,263.12 ,282.19 ,295.22 ,301.77 ,305.44 ,306.44 ,305.4  ,307.99 ,304.97 ,307.26 ,304.72 ,303.85 ,303.11 ,303.32 ,301.92 ,304.28 ,301.74 ,305.87 ,303.99 ,303.08 ,303.7  ,306.17 ,304.82 ,306.01 , 8.97 ,18.86 ,20    ,17.66 ,10.72 ,6.12  , 6.01 ,7.16  , 9.16 , 8.58 ,10.06 ,19.37 ,-0.79 ,-0.06 ,-0.18 ,0.06
    65 ,13.9  ,  145.12 ,1009.12 ,24.8  ,920.49 ,1.18  ,-1279.51 ,-1011.43 ,-1203.86 ,-609.16 ,-474.21 ,-368.66 ,-289.74 ,-235.36 ,-183.15 ,-144.93 ,-103.33 ,-104.61 ,-99.82  ,-93.03  ,-99.65  ,-99.64  ,-93.58  ,-95.14  ,-92.46  ,-99.14  ,-98.97  ,-96.09  ,-95.41 ,-97.41 ,-76.27 ,-1280.98 ,-39.78  ,289.71  ,281.29  ,226.86  ,187.75  ,158.4   ,137.97  ,120.98  ,105.97  ,92.95  ,81.69  ,70.22  ,62.03  ,53.22  ,44.79  ,37.22  ,30.61  ,24.11  ,19.01  ,13.75  ,8.39  , 3.18 ,-76.27 ,305.91 ,305.94 ,304.56 ,305.63 ,306.28 ,305.89 ,305.71 ,306.06 ,307.25 ,307.12 ,306.49 ,304.52 ,306.02 ,304.32 ,304.45 ,298.72 ,289.88 ,275.3  ,254.72 ,231.53 ,214.43 ,214.7  ,225.64 ,243.87 ,265.29 ,283.49 ,295.3  ,301.2  ,305    ,305.86 ,304.77 ,307.51 ,307.5  ,309.29 ,307.34 ,306.3  ,305.72 ,305.92 ,304.65 ,307.02 ,304.48 ,308.56 ,306.66 ,305.83 ,306.24 ,308.86 ,307.52 ,308.79 , 8.87 ,19.3  ,20.53 ,17.88 ,10.4  ,4.04  , 4.94 ,3.47  , 5.22 , 5.56 , 8.93 ,19.77 ,-0.7  ,-0.09 ,-0.18 ,0.12
    66 ,14.1  ,  145.22 ,1009.11 ,24.82 ,920.28 ,1.18  ,-1228.93 ,-969.95  ,-1188.01 ,-604.22 ,-459.29 ,-353.1  ,-274.83 ,-220.16 ,-169.64 ,-136.34 ,-99.37  ,-103.29 ,-100.12 ,-97.23  ,-103    ,-102.25 ,-95.62  ,-97.16  ,-95.51  ,-101.57 ,-101.28 ,-98.56  ,-98.14 ,-99.54 ,-79.07 ,-1233.44 ,-31.34  ,290.38  ,281.51  ,226.82  ,188.39  ,158.94  ,138.31  ,121.24  ,106.17  ,93.11  ,81.74  ,70.26  ,61.81  ,52.9   ,44.37  ,36.57  ,29.86  ,23.18  ,17.96  ,12.54  ,7.04  , 1.73 ,-79.07 ,306.27 ,306.16 ,304.71 ,305.73 ,306.46 ,305.94 ,305.97 ,306.32 ,307.44 ,307.33 ,306.65 ,304.54 ,305.99 ,304.6  ,304.45 ,297.68 ,287.41 ,270.06 ,248.8  ,227.09 ,213.79 ,217.89 ,230.95 ,250.22 ,271.49 ,288.07 ,297.84 ,302.47 ,305.41 ,306.14 ,304.98 ,307.71 ,307.71 ,310.26 ,307.46 ,306.42 ,305.92 ,306.07 ,304.76 ,306.85 ,304.59 ,308.77 ,306.74 ,305.93 ,306.5  ,309.04 ,307.59 ,308.75 , 7.45 ,18.42 ,19.72 ,16.89 , 9.27 ,0.9   , 2.56 ,-0.79 , 0.55 , 2.14 , 6.85 ,18.86 ,-1.8  ,-0.06 ,-0.18 ,0.02
    67 ,14.3  ,  143.93 ,1009.12 ,24.84 ,919.67 ,1.18  ,-564.52  ,-540.09  ,-508.25  ,-464.88 ,-416.3  ,-373.7  ,-342.48 ,-323.49 ,-293.53 ,-269.66 ,-229.81 ,-222.59 ,-205.54 ,-189.3  ,-179.71 ,-164.91 ,-148.78 ,-139.92 ,-129.3  ,-125.06 ,-117.65 ,-107.56 ,-99.49 ,-94    ,-68.36 ,-566.52  ,129.4   ,299.68  ,265.7   ,211.74  ,174.74  ,148.65  ,129.66  ,113.97  ,100.07  ,87.97  ,77.52  ,66.81  ,59.03  ,50.86  ,43.05  ,36.01  ,30.11  ,24.27  ,19.97  ,15.6   ,11.29 , 7.19 ,-68.36 ,306.31 ,306.01 ,304.6  ,305.68 ,306.53 ,305.86 ,305.92 ,306.24 ,307.29 ,307.29 ,306.13 ,302.68 ,302.52 ,297.82 ,293.61 ,285.27 ,275.21 ,262.7  ,249.87 ,234.71 ,219.84 ,212.48 ,206.8  ,202.67 ,203.65 ,202.64 ,203.01 ,205.62 ,208.36 ,212.95 ,216.78 ,224.63 ,307.52 ,310.35 ,307.24 ,306.19 ,305.87 ,305.83 ,304.48 ,306.22 ,304.41 ,308.41 ,306.5  ,305.69 ,306.14 ,308.82 ,307.29 ,308.67 ,10.13 ,19.71 ,21.09 ,18.71 ,12.15 ,-1.01 , 3.48 ,-1.64 , 1.03 , 4.46 , 9.67 ,20.02 ,-0.37 ,-0.1  ,-0.18 ,0.03
    68 ,14.1  ,  145.47 ,1009.11 ,24.84 ,920.52 ,1.18  ,-1239.42 ,-945.02  ,-1192.7  ,-606.79 ,-460.23 ,-353.37 ,-274.55 ,-219.53 ,-168.51 ,-134.76 ,-98.26  ,-102.78 ,-99.35  ,-98.03  ,-102.04 ,-101.35 ,-95.95  ,-97.4   ,-96.28  ,-101.65 ,-101.44 ,-98.64  ,-98.15 ,-99.6  ,-79.76 ,-1242.48 ,-30.56  ,292.77  ,284.2   ,229.33  ,190.47  ,161.17  ,140.05  ,122.88  ,107.76  ,94.58  ,83.06  ,71.29  ,62.96  ,53.96  ,45.39  ,37.54  ,30.84  ,24.01  ,18.64  ,13.24  ,7.68  , 2.16 ,-79.76 ,308.77 ,308.62 ,306.97 ,308.16 ,308.99 ,308.4  ,308.3  ,308.75 ,309.86 ,309.84 ,309.41 ,307    ,308.54 ,306.85 ,306.38 ,299.33 ,288.81 ,271.78 ,250.36 ,228.3  ,215.07 ,220.37 ,234.57 ,253.85 ,275.35 ,291.16 ,301.04 ,305.54 ,307.59 ,308.82 ,307.46 ,310.51 ,307.94 ,310.43 ,307.83 ,306.69 ,306.29 ,306.5  ,304.99 ,306.69 ,304.89 ,309.14 ,307.08 ,306.28 ,306.76 ,309.41 ,307.96 ,309.01 , 8.91 ,19.48 ,20.75 ,17.82 ,10.1  ,1.96  , 3.41 ,1.24  , 2.96 , 4.48 , 8.65 ,19.88 ,-0.7  ,-0.09 ,-0.15 ,0.1
    69 ,13.9  ,  145.17 ,1009.12 ,24.84 ,919.92 ,1.18  ,-1263.66 ,-1000.57 ,-1200.65 ,-606.64 ,-470.27 ,-366.08 ,-288.26 ,-235.06 ,-182.73 ,-144.38 ,-102.18 ,-101.64 ,-97     ,-93.46  ,-97.87  ,-95.98  ,-90.7   ,-91.88  ,-90.48  ,-95.52  ,-94.97  ,-92.16  ,-93.64 ,-93.57 ,-74.68 ,-1265.12 ,-38.78  ,288.56  ,280.57  ,226.2   ,187.87  ,158.62  ,138.1   ,121.26  ,106.38  ,93.46  ,82.24  ,70.74  ,62.65  ,53.91  ,45.63  ,38.01  ,31.55  ,24.99  ,19.96  ,14.75  ,9.47  , 4.47 ,-74.68 ,304.5  ,304.39 ,303.05 ,304.06 ,305.04 ,304.42 ,304.47 ,304.78 ,305.6  ,305.72 ,305.07 ,302.81 ,304.43 ,302.95 ,303.16 ,297.27 ,287.76 ,272.58 ,252.26 ,229    ,212.02 ,212.7  ,223.73 ,241.46 ,263.72 ,281.96 ,293.95 ,300.08 ,302.98 ,304.45 ,303.39 ,306.18 ,308.5  ,311.61 ,308.37 ,307.1  ,306.81 ,306.84 ,305.51 ,307.22 ,305.45 ,309.59 ,307.52 ,306.81 ,307.2  ,309.96 ,308.53 ,309.49 , 8.73 ,19.44 ,20.66 ,17.96 ,10.51 ,4.14  , 4.72 ,3.54  , 5.37 , 5.57 , 8.75 ,19.93 ,-0.61 ,-0.08 ,-0.15 ,0.08
    70 ,13.7  ,  145.01 ,1009.12 ,24.85 ,919.07 ,1.18  ,-1324.3  ,-1044.68 ,-1208.22 ,-622.82 ,-489.87 ,-385.18 ,-306.84 ,-252.52 ,-198.74 ,-157.29 ,-111.12 ,-105.09 ,-98.34  ,-93.48  ,-96.69  ,-94.52  ,-89.06  ,-90.71  ,-89.18  ,-94.82  ,-94.11  ,-91.09  ,-91.6  ,-92.19 ,-73.23 ,-1326.54 ,-45.62  ,291     ,283.24  ,228.3   ,189.28  ,158.89  ,138.81  ,121.73  ,106.91  ,93.9   ,82.66  ,71.32  ,63.1   ,54.39  ,46.15  ,38.61  ,32.14  ,25.72  ,20.72  ,15.65  ,10.46 , 5.53 ,-73.23 ,307.92 ,307.49 ,305.96 ,307.06 ,307.93 ,307.46 ,307.36 ,307.68 ,308.87 ,308.79 ,308.39 ,305.99 ,307.48 ,306.17 ,306.73 ,302.51 ,295.32 ,282.18 ,263.12 ,238.66 ,218.97 ,215.68 ,222.92 ,239.22 ,261.05 ,280.45 ,293.71 ,301.44 ,305.49 ,307.7  ,306.48 ,309.55 ,309.43 ,311.44 ,309.31 ,308.11 ,308.42 ,307.73 ,306.49 ,308.14 ,306.36 ,310.58 ,308.4  ,307.7  ,308.14 ,310.7  ,309.45 ,310.59 , 8.54 ,18.72 ,19.87 ,17.53 ,10.63 ,5.84  , 6.04 ,7.11  , 8.79 , 8.03 , 9.62 ,19.3  ,-1.17 ,-0.09 ,-0.19 ,-0.11
    71 ,13.5  ,  143.47 ,1009.13 ,24.86 ,920.12 ,1.18  ,-1347.21 ,-1065.17 ,-1199.27 ,-631.97 ,-501.94 ,-399.27 ,-323.33 ,-272.12 ,-220.17 ,-176.56 ,-125.87 ,-112.59 ,-99.06  ,-90.32  ,-91.11  ,-86.82  ,-81.23  ,-82.77  ,-81.17  ,-86.5   ,-85.67  ,-82.11  ,-81.29 ,-83.14 ,-66.64 ,-1349.83 ,-53.69  ,287.77  ,280.25  ,225.75  ,187.17  ,156.47  ,137.18  ,120.46  ,105.8   ,93.05  ,82.04  ,70.89  ,62.98  ,54.52  ,46.48  ,39.18  ,33.07  ,26.89  ,22.18  ,17.38  ,12.53 , 8    ,-66.64 ,304.41 ,304.15 ,302.97 ,304.06 ,304.87 ,304.33 ,304.32 ,304.42 ,305.69 ,305.64 ,305.03 ,302.79 ,304.35 ,303    ,304.05 ,300.36 ,294.81 ,283.51 ,265.64 ,240.86 ,218.61 ,212.51 ,217.95 ,233.3  ,255.39 ,275.71 ,289.73 ,298    ,301.98 ,304.29 ,303.34 ,306.16 ,304.94 ,308.07 ,304.74 ,303.64 ,303.97 ,303.22 ,301.94 ,303.61 ,301.7  ,306.02 ,303.83 ,303.1  ,303.75 ,306.27 ,304.95 ,305.9  , 9.02 ,18.6  ,19.72 ,17.6  ,11.23 ,7.61  , 7.07 ,9.8   ,10.9  , 9.62 ,10.45 ,19.22 ,-0.96 ,-0.07 ,-0.18 ,0.08
    72 ,13.3  ,  144.07 ,1009.13 ,24.86 ,919.14 ,1.18  ,-1399.95 ,-1076.38 ,-1187    ,-642.08 ,-512.6  ,-410.58 ,-335.4  ,-286.09 ,-234.16 ,-191.15 ,-140.22 ,-120.64 ,-102.91 ,-89.39  ,-89.34  ,-84.33  ,-77.26  ,-77.84  ,-76.25  ,-81.1   ,-80.23  ,-76.38  ,-75.83 ,-77.36 ,-61.85 ,-1403.32 ,-57.87  ,288.41  ,280.67  ,225.97  ,187.52  ,156.56  ,137.54  ,120.88  ,106.39  ,93.68  ,82.83  ,71.68  ,64.02  ,55.72  ,47.88  ,40.68  ,34.8   ,28.78  ,24.28  ,19.67  ,15.06 ,10.75 ,-61.85 ,305.15 ,304.67 ,303.44 ,304.61 ,305.48 ,304.84 ,304.89 ,304.95 ,306.14 ,306.11 ,305.64 ,303.29 ,304.91 ,303.63 ,304.81 ,301.65 ,296.7  ,286.2  ,269.76 ,244.81 ,221.33 ,212.73 ,214.77 ,228.42 ,251    ,271.35 ,287.14 ,297.17 ,302.06 ,304.55 ,303.85 ,306.75 ,306.09 ,307.53 ,305.65 ,304.77 ,305.01 ,304.34 ,303.24 ,304.75 ,302.81 ,307.11 ,305.05 ,304.29 ,304.82 ,307.39 ,306.03 ,307.09 , 9.59 ,18.93 ,20.01 ,18.16 ,12.53 ,9.88  , 9.03 ,12.69 ,12.73 ,10.91 ,11.32 ,19.57 ,-0.15 ,-0.08 ,-0.28 ,-0.25
    73 ,13.1  ,  145.49 ,1009.12 ,24.86 ,919.91 ,1.18  ,-1431.57 ,-1100.72 ,-1187.9  ,-651.04 ,-520.43 ,-415.85 ,-343.39 ,-289.97 ,-237.77 ,-194.57 ,-142.77 ,-122.75 ,-104.3  ,-91.01  ,-89.76  ,-84.17  ,-77.95  ,-78.8   ,-76.59  ,-81.91  ,-80.84  ,-77.18  ,-76.25 ,-77.97 ,-62.01 ,-1434.52 ,-59.83  ,291.84  ,284.22  ,228.56  ,189.71  ,158.68  ,139.26  ,122.34  ,107.62  ,94.83  ,83.8   ,72.56  ,64.75  ,56.35  ,48.42  ,41.1   ,35.2   ,29.1   ,24.52  ,19.94  ,15.24 ,10.73 ,-62.01 ,308.79 ,308.46 ,306.98 ,308.15 ,308.95 ,308.36 ,308.32 ,308.71 ,309.86 ,309.78 ,309.28 ,307.07 ,308.54 ,307.41 ,308.3  ,305.5  ,300.95 ,291.26 ,274.98 ,249.72 ,225.04 ,215.69 ,218.26 ,230.71 ,253    ,274.27 ,290.24 ,300.23 ,305.58 ,308.36 ,307.44 ,310.61 ,308.67 ,309.95 ,308.26 ,307.24 ,307.69 ,306.86 ,305.62 ,307.27 ,305.46 ,309.7  ,307.4  ,306.68 ,307.19 ,309.85 ,308.45 ,309.63 , 9.5  ,18.73 ,19.71 ,17.88 ,12.73 ,10.03 , 8.97 ,13    ,13.02 ,11    ,11.17 ,19.33 ,-0.73 ,-0.08 ,-0.18 ,0.09
    74 ,12.9  ,  143.66 ,1009.12 ,24.88 ,920.33 ,1.18  ,-1509.41 ,-1111.43 ,-1152.04 ,-661.09 ,-532.33 ,-428.74 ,-358.22 ,-308.94 ,-258.43 ,-217.32 ,-166.93 ,-143.74 ,-118.97 ,-97.57  ,-90.22  ,-80.33  ,-71.18  ,-71     ,-68.77  ,-73.13  ,-72.98  ,-68.29  ,-67.36 ,-68.21 ,-53.84 ,-1512.23 ,-63.26  ,289.25  ,280.84  ,225.41  ,186.8   ,155.82  ,136.6   ,120     ,105.57  ,93.01  ,82.25  ,71.4   ,63.78  ,55.71  ,48.09  ,41.06  ,35.61  ,29.89  ,25.73  ,21.55  ,17.33 ,13.41 ,-53.84 ,306    ,305.5  ,304.19 ,305.24 ,306.14 ,305.66 ,305.65 ,305.84 ,307.04 ,306.91 ,306.43 ,304.26 ,305.61 ,304.44 ,305.94 ,303.53 ,300.49 ,292.73 ,278.69 ,254.89 ,228.9  ,215.82 ,213.13 ,222.33 ,244.15 ,266.92 ,284.72 ,295.66 ,301.69 ,304.9  ,304.36 ,307.68 ,304.76 ,306.75 ,304.42 ,303.16 ,303.68 ,303.06 ,301.66 ,303.33 ,301.49 ,305.71 ,303.59 ,302.89 ,303.4  ,306.13 ,304.53 ,305.6  , 9.69 ,18.63 ,19.56 ,17.82 ,13.29 ,10.78 , 9.76 ,13.75 ,13.42 ,11.36 ,11.38 ,19.26 ,-0.87 ,-0.1  ,-0.18 ,0.12
    75 ,12.7  ,  144.97 ,1009.12 ,24.88 ,919.73 ,1.18  ,-1582.83 ,-1121.67 ,-1104.73 ,-673    ,-542.55 ,-440.14 ,-373.5  ,-323.38 ,-276.02 ,-238.03 ,-190.17 ,-165.75 ,-138.34 ,-109.83 ,-94.45  ,-79.3   ,-66.03  ,-64.27  ,-60.64  ,-64.23  ,-63.13  ,-59.02  ,-57.53 ,-57.77 ,-44.67 ,-1586.4  ,-63.29  ,290     ,280.85  ,224.89  ,186.04  ,155.14  ,136.16  ,119.76  ,105.52  ,93.22  ,82.68  ,71.97  ,64.72  ,56.92  ,49.54  ,42.89  ,37.7   ,32.33  ,28.58  ,24.95  ,21.07 ,17.76 ,-44.67 ,305.85 ,305.39 ,304.28 ,305.4  ,306.19 ,305.74 ,305.68 ,305.76 ,306.95 ,306.93 ,306.47 ,304.24 ,305.63 ,304.42 ,305.88 ,304.14 ,302.55 ,297.4  ,285.35 ,263.34 ,235.77 ,219.27 ,212.95 ,219.2  ,239.63 ,263.71 ,282.89 ,295.3  ,302.08 ,305.26 ,304.74 ,307.71 ,306.99 ,309.59 ,306.56 ,305.04 ,305.99 ,305.21 ,303.89 ,305.68 ,303.63 ,308.07 ,305.82 ,305.02 ,305.68 ,308.27 ,306.86 ,307.89 ,10.39 ,19.36 ,20.27 ,18.62 ,14.62 ,11.94 ,11.12 ,15.03 ,14.33 ,12.25 ,12.2  ,20.02 ,-0.28 ,-0.1  ,-0.2  ,0.07
    76 ,12.5  ,  143.13 ,1009.11 ,24.89 ,920.09 ,1.18  ,-1572.52 ,-1103.93 ,-1072.26 ,-669.85 ,-541.26 ,-440.92 ,-375.66 ,-327.96 ,-282.04 ,-245.35 ,-198.81 ,-175.88 ,-149.24 ,-120.13 ,-101.49 ,-81.59  ,-64.66  ,-60.3   ,-55.74  ,-58.61  ,-57.72  ,-52.45  ,-51.25 ,-51.28 ,-38.45 ,-1576.53 ,-59.45  ,288.02  ,277.78  ,222.08  ,183.69  ,153.15  ,134.55  ,118.49  ,104.52  ,92.48  ,82.2   ,71.72  ,64.75  ,57.21  ,50.14  ,43.67  ,38.85  ,33.78  ,30.35  ,27.11  ,23.55 ,20.54 ,-38.45 ,303.16 ,302.85 ,301.71 ,302.79 ,303.62 ,303.15 ,303.17 ,303.19 ,304.42 ,304.26 ,303.7  ,301.53 ,303.01 ,301.86 ,303.66 ,301.99 ,300.76 ,296.43 ,285.74 ,264.93 ,237.54 ,219.66 ,210.75 ,214.72 ,234.76 ,258.52 ,279.11 ,292.78 ,299.37 ,302.65 ,302.08 ,304.97 ,307.68 ,309    ,307.14 ,305.37 ,306.54 ,305.96 ,304.57 ,306.08 ,304.15 ,308.67 ,306.56 ,305.65 ,306.06 ,308.82 ,307.28 ,308.43 , 9.86 ,18.74 ,19.6  ,17.95 ,14.39 ,11.61 ,10.9  ,14.46 ,13.9  ,11.75 ,11.64 ,19.36 ,-0.46 ,-0.08 ,-0.16 ,0.12
    77 ,12.3  ,  143    ,1009.11 ,24.89 ,920.18 ,1.179 ,-1557.92 ,-1096.64 ,-1054.03 ,-668.71 ,-542.46 ,-442.37 ,-378.37 ,-331.71 ,-290.38 ,-253.02 ,-208.19 ,-186.55 ,-160.63 ,-131.01 ,-110.74 ,-87.28  ,-66.34  ,-59.1   ,-52.18  ,-54.47  ,-52.89  ,-47.59  ,-46.1  ,-45.58 ,-32.44 ,-1562.21 ,-55.44  ,287.78  ,276.3   ,220.03  ,182.05  ,151.45  ,133.25  ,117.36  ,103.53  ,91.68  ,81.65  ,71.51  ,64.55  ,57.21  ,50.33  ,44.14  ,39.49  ,34.69  ,31.54  ,28.56  ,25.42 ,22.75 ,-32.44 ,301.84 ,301.54 ,300.44 ,301.34 ,302.22 ,301.76 ,301.8  ,301.77 ,303.02 ,302.81 ,302.39 ,300.23 ,301.76 ,300.52 ,302.32 ,300.7  ,299.98 ,296.62 ,286.97 ,267.79 ,240.34 ,220.34 ,210.11 ,213.2  ,233.29 ,257    ,277.63 ,291.37 ,298.41 ,301.54 ,300.83 ,303.48 ,303.04 ,306.06 ,302.76 ,301.22 ,301.92 ,301.39 ,299.95 ,301.66 ,299.73 ,304.04 ,301.72 ,301.09 ,301.71 ,304.39 ,303    ,303.91 , 9.43 ,18.32 ,19.2  ,17.63 ,14.47 ,11.73 ,11.22 ,14.52 ,13.55 ,11.5  ,11.39 ,18.99 ,-0.55 ,-0.11 ,-0.28 ,-0.27
    78 ,12.1  ,  144.07 ,1009.12 ,24.91 ,919.9  ,1.179 ,-1590.43 ,-1114.18 ,-1044.83 ,-681.74 ,-550.97 ,-449.53 ,-385.88 ,-338.66 ,-297.99 ,-258.43 ,-212.68 ,-190.96 ,-164.08 ,-135.17 ,-113.92 ,-90.09  ,-68.18  ,-60.05  ,-53.21  ,-54.77  ,-53.67  ,-48.15  ,-46.72 ,-46.37 ,-32.74 ,-1595.08 ,-56.63  ,290.94  ,279.58  ,222.85  ,184.18  ,153.63  ,134.75  ,118.64  ,104.66  ,92.65  ,82.46  ,72.06  ,65.13  ,57.71  ,50.74  ,44.5   ,39.8   ,34.96  ,31.77  ,28.76  ,25.61 ,22.93 ,-32.74 ,305.95 ,305.74 ,304.33 ,305.47 ,306.21 ,305.77 ,305.73 ,305.82 ,307.1  ,306.89 ,306.75 ,304.19 ,305.64 ,304.58 ,306.08 ,304.6  ,304.03 ,300.82 ,291.53 ,272.55 ,245.56 ,224.79 ,213.43 ,214.72 ,233.72 ,257.97 ,279.08 ,294.06 ,301.7  ,305.24 ,304.61 ,307.68 ,308.74 ,310    ,308.39 ,306.7  ,307.43 ,307.02 ,305.71 ,307.4  ,305.51 ,309.74 ,307.77 ,306.88 ,307.26 ,309.98 ,308.78 ,309.6  , 9.87 ,18.8  ,19.6  ,17.99 ,15.11 ,11.91 ,11.44 ,14.66 ,14.02 ,11.88 ,11.72 ,19.42 ,-0.17 ,-0.09 ,-0.16 ,0.12
    79 ,11.9  ,  145.06 ,1009.12 ,24.91 ,920.7  ,1.179 ,-1543.26 ,-1103.33 ,-1032.47 ,-681.59 ,-551.47 ,-452.19 ,-388.99 ,-345.45 ,-304.51 ,-266.66 ,-221.94 ,-204.16 ,-178.21 ,-151.84 ,-129.08 ,-104.64 ,-77.05  ,-63.31  ,-51.44  ,-50.11  ,-46.99  ,-39.76  ,-36.72 ,-37.18 ,-23.83 ,-1546.74 ,-46.91  ,291.99  ,278.21  ,221.23  ,182.86  ,152.52  ,133.87  ,117.96  ,104.23  ,92.42  ,82.47  ,72.46  ,65.6   ,58.43  ,51.68  ,45.78  ,41.36  ,36.86  ,34.04  ,31.45  ,28.85 ,26.82 ,-23.83 ,305.78 ,305.28 ,304.07 ,305.18 ,305.97 ,305.38 ,305.5  ,305.45 ,306.76 ,306.81 ,306.4  ,303.92 ,305.59 ,304.3  ,305.76 ,304.56 ,304.35 ,301.91 ,294.13 ,276.77 ,249.47 ,228.07 ,214.91 ,215.22 ,233.48 ,257.05 ,279.55 ,294.85 ,301.88 ,305.26 ,304.59 ,307.58 ,307.29 ,310.16 ,307.09 ,305.28 ,305.82 ,305.66 ,304.3  ,306.07 ,304    ,308.36 ,306.32 ,305.5  ,305.93 ,308.6  ,307.9  ,308.13 , 9.6  ,18.59 ,19.39 ,17.84 ,15.3  ,12.19 ,12.22 ,14.77 ,13.78 ,11.68 ,11.55 ,19.24 ,-0.13 ,-0.09 ,-0.2  ,-0.12
    80 ,11.7  ,  142.69 ,1009.1  ,24.91 ,920.38 ,1.179 ,-1524.74 ,-1086.59 ,-1032.17 ,-687.55 ,-556.91 ,-457.29 ,-394.16 ,-353.82 ,-311.51 ,-274.74 ,-231.13 ,-214.24 ,-189.4  ,-164.38 ,-144.31 ,-116.88 ,-88.4   ,-70.87  ,-54.99  ,-50.36  ,-43.82  ,-34.3   ,-28.83 ,-28.83 ,-18.06 ,-1528.43 ,-40.71  ,294.13  ,278.63  ,221.26  ,182.2   ,152.17  ,133.3   ,117.42  ,103.71  ,92.01  ,82.13  ,72.22  ,65.48  ,58.44  ,51.86  ,46.14  ,41.97  ,37.7   ,35.11  ,32.85  ,30.66 ,29.25 ,-18.06 ,307.26 ,306.83 ,305.52 ,306.54 ,307.39 ,307.22 ,307.07 ,307.01 ,308.24 ,308.3  ,307.91 ,305.44 ,306.93 ,305.86 ,307.25 ,306.09 ,306.42 ,304.83 ,298.74 ,283.33 ,256.43 ,233.17 ,217.39 ,214.99 ,231.51 ,256.21 ,279.77 ,295.26 ,303.21 ,306.8  ,305.95 ,309.06 ,305.36 ,306.98 ,304.93 ,303.35 ,303.6  ,303.58 ,302.38 ,303.92 ,301.91 ,306.21 ,304.15 ,303.31 ,303.86 ,306.49 ,305.92 ,306.22 ,10    ,18.84 ,19.62 ,18.06 ,15.72 ,12.69 ,12.79 ,15.07 ,14.14 ,12.04 ,11.89 ,19.52 ,-0.2  ,-0.09 ,-0.14 ,0.09
    81 ,11.5  ,  143.01 ,1009.06 ,24.92 ,920.12 ,1.179 ,-1462.91 ,-1055.51 ,-1037.51 ,-679.39 ,-549.85 ,-451.83 ,-391.77 ,-350.85 ,-310.71 ,-276.01 ,-233.83 ,-217.79 ,-195.34 ,-171.25 ,-151.69 ,-125.63 ,-96.71  ,-77.02  ,-59.29  ,-51.77  ,-41.62  ,-28.81  ,-21.85 ,-20.13 ,-10.17 ,-1465.34 ,-29.18  ,292.62  ,274.68  ,217.01  ,177.92  ,149.19  ,130.49  ,114.98  ,101.53  ,90.17  ,80.59  ,70.78  ,64.54  ,57.77  ,51.53  ,46.07  ,42.22  ,38.35  ,36.17  ,34.24  ,32.59 ,31.74 ,-10.17 ,304.55 ,304.24 ,302.79 ,303.92 ,304.63 ,304.31 ,304.25 ,303.91 ,305.57 ,305.39 ,304.9  ,302.63 ,304.14 ,303.07 ,304.51 ,303.39 ,303.8  ,302.98 ,298.2  ,284.49 ,259.39 ,235.63 ,218.5  ,214    ,230.69 ,254.56 ,277.88 ,293.61 ,300.92 ,304.06 ,303.29 ,306.25 ,305.05 ,305.92 ,304.39 ,302.97 ,303.15 ,303.06 ,301.78 ,303.4  ,301.45 ,305.81 ,303.75 ,302.96 ,303.5  ,306.1  ,305.51 ,305.84 , 9.53 ,18.45 ,19.21 ,17.66 ,15.55 ,12.57 ,12.79 ,14.7  ,13.61 ,11.56 ,11.46 ,19.08 ,-0.12 ,-0.03 ,-0.1  ,0.03
    82 ,11.3  ,  143.83 ,1009.08 ,24.91 ,920.15 ,1.179 ,-1412.74 ,-1017.58 ,-1066.54 ,-668.06 ,-546.75 ,-450.41 ,-390.06 ,-352.35 ,-312.04 ,-277.93 ,-235.9  ,-222.18 ,-199.07 ,-176.52 ,-157.04 ,-131.29 ,-102.76 ,-81.71  ,-62.63  ,-53     ,-40.86  ,-25.43  ,-17.61 ,-14.28 ,-3.69  ,-1415.65 ,-14.67  ,294.28  ,273.47  ,215.2   ,175.61  ,147.29  ,128.75  ,113.37  ,100.12  ,88.99  ,79.64  ,70.16  ,63.98  ,57.45  ,51.43  ,46.29  ,42.62  ,39.06  ,37.16  ,35.6   ,34.39 ,34.02 ,-3.69  ,305.1  ,304.67 ,303.32 ,304.63 ,305.31 ,304.81 ,304.79 ,304.13 ,306.21 ,306.04 ,305.7  ,303.25 ,304.93 ,303.63 ,305.28 ,303.88 ,304.63 ,304.13 ,300.7  ,289.69 ,265.9  ,241.93 ,222.61 ,215.31 ,229.47 ,253.72 ,277.89 ,294.48 ,301.88 ,304.84 ,304.05 ,306.89 ,306.19 ,308.99 ,305.64 ,303.94 ,304.2  ,304.18 ,302.8  ,304.65 ,302.59 ,307.03 ,304.82 ,304.02 ,304.55 ,307.21 ,306.63 ,306.75 , 9.85 ,18.67 ,19.43 ,17.85 ,15.82 ,12.95 ,13.32 ,14.86 ,13.9  ,11.8  ,11.68 ,19.36 ,-0.13 ,-0.08 ,-0.15 ,0.12
    83 ,11.1  ,  144.69 ,1009.12 ,24.9  ,920.34 ,1.179 ,-1361.74 ,-973     ,-1090.7  ,-624.13 ,-540.53 ,-449.87 ,-392.54 ,-354.34 ,-314.46 ,-280.38 ,-239.11 ,-225.41 ,-203.9  ,-180.91 ,-161.61 ,-134.95 ,-106.31 ,-85.04  ,-64.69  ,-54.46  ,-40.66  ,-23.83  ,-14.72 ,-10.06 ,0.28   ,-1363.66 ,4.92    ,299.93  ,275.58  ,215.67  ,175.61  ,147.16  ,128.64  ,113.29  ,100.08  ,89.01  ,79.73  ,70.11  ,64.26  ,57.82  ,51.93  ,46.92  ,43.38  ,40.05  ,38.31  ,36.99  ,36.12 ,36.03 ,0.28   ,309.34 ,308.87 ,307.55 ,308.72 ,309.51 ,309.49 ,309.24 ,308.57 ,310.41 ,310.43 ,310.12 ,307.55 ,309.11 ,308.14 ,309.38 ,308.24 ,309.46 ,308.6  ,306.99 ,297.33 ,274.29 ,250.07 ,229.27 ,219.93 ,232.43 ,255.95 ,280.96 ,298.07 ,306.18 ,309.05 ,307.99 ,311.34 ,306.48 ,309.09 ,306.12 ,304.52 ,304.65 ,304.58 ,303.34 ,304.97 ,303.26 ,307.46 ,305.32 ,304.47 ,304.97 ,307.32 ,307.13 ,307.22 , 9.16 ,17.94 ,18.7  ,17.11 ,15.24 ,12.53 ,12.89 ,14.25 ,13.15 ,11.05 ,10.96 ,18.63 ,-0.52 ,-0.08 ,-0.14 ,0.11
    84 ,10.9  ,  144.15 ,1009.1  ,24.88 ,919.99 ,1.18  ,-1295.16 ,-921.42  ,-1021.89 ,-585.03 ,-517.7  ,-433.96 ,-377.43 ,-340.68 ,-304.03 ,-270.78 ,-230.67 ,-217.53 ,-196.64 ,-175.23 ,-157.09 ,-130.91 ,-103.26 ,-82.29  ,-62.41  ,-52.28  ,-38.05  ,-20.6   ,-12.22 ,-7.04  ,3.67   ,-1296.57 ,13.52   ,294.01  ,267.89  ,209.8   ,170.73  ,143.08  ,125.4   ,110.52  ,97.79   ,87.06  ,78.22  ,68.95  ,63.31  ,57.07  ,51.47  ,46.69  ,43.32  ,40.14  ,38.59  ,37.38  ,36.64 ,36.61 ,3.67   ,302.11 ,301.02 ,300.58 ,301.57 ,302.29 ,301.96 ,301.89 ,301.24 ,303.17 ,302.98 ,302.59 ,300.32 ,301.88 ,300.73 ,302.48 ,300.97 ,301.64 ,301.63 ,299.92 ,291.96 ,270.06 ,246.19 ,225.56 ,215.73 ,228.47 ,251.78 ,275.95 ,292.38 ,299.18 ,301.94 ,300.81 ,303.95 ,304.18 ,307.93 ,303.77 ,302.27 ,302.42 ,302.41 ,301.03 ,302.83 ,300.79 ,305.2  ,302.94 ,302.18 ,302.76 ,304.73 ,304.82 ,305.19 ,10.07 ,18.77 ,19.51 ,17.96 ,16.22 ,13.7  ,14.25 ,15.31 ,14.01 ,11.92 ,11.88 ,19.46 ,-0.31 ,-0.08 ,-0.15 ,0.11
    85 ,10.7  ,  144.69 ,1009.12 ,24.9  ,919.62 ,1.179 ,-1307.67 ,-908.18  ,-1015.24 ,-592.56 ,-528.02 ,-441.98 ,-385.66 ,-348.11 ,-310.36 ,-277.56 ,-237.68 ,-223.83 ,-202.69 ,-180.58 ,-163.96 ,-135.81 ,-107.53 ,-86.29  ,-65.36  ,-54.85  ,-40.25  ,-23.4   ,-12.43 ,-7.05  ,4.4    ,-1309.86 ,19.11   ,298.72  ,271.61  ,211.76  ,171.9   ,143.64  ,125.68  ,110.62  ,97.74   ,86.89  ,77.94  ,68.71  ,62.89  ,56.64  ,50.96  ,46.12  ,42.86  ,39.67  ,38.16  ,37.05  ,36.4  ,36.54 ,4.4    ,306.97 ,305.92 ,305.16 ,306.28 ,307.19 ,306.89 ,306.37 ,306.14 ,307.96 ,307.92 ,307.64 ,305.07 ,306.81 ,305.45 ,307.06 ,305.82 ,306.67 ,306.33 ,305.4  ,298.07 ,277.52 ,253.47 ,230.45 ,218.06 ,229.13 ,252.14 ,277.29 ,295.85 ,303.67 ,306.63 ,305.71 ,308.9  ,306.74 ,309.58 ,306.39 ,304.73 ,304.97 ,304.95 ,303.59 ,305.46 ,303.21 ,307.69 ,305.41 ,304.71 ,305.24 ,307.18 ,307.33 ,307.33 , 9.96 ,18.71 ,19.46 ,17.91 ,16.28 ,13.94 ,14.7  ,15.49 ,13.86 ,11.79 ,11.77 ,19.4  ,-0.23 ,-0.06 ,-0.2  ,0.06
    86 ,10.5  ,  144.24 ,1009.12 ,24.93 ,919.88 ,1.179 ,-1404.43 ,-790.31  ,-905.42  ,-585.75 ,-503.13 ,-426.54 ,-373.31 ,-338.14 ,-302.96 ,-271.62 ,-232.7  ,-220.83 ,-200.65 ,-179.13 ,-164.23 ,-137.31 ,-108.91 ,-88.08  ,-66.83  ,-55.67  ,-39.85  ,-21.82  ,-9.62  ,-3.11  ,10.07  ,-1409.06 ,50.95   ,296.63  ,262.25  ,203.23  ,163.97  ,138.12  ,119.96  ,105.49  ,93.23   ,82.81  ,74.37  ,65.68  ,60.12  ,54.14  ,48.92  ,44.41  ,41.55  ,38.74  ,37.58  ,36.85  ,36.62 ,37.15 ,10.07  ,302.58 ,301.56 ,300.87 ,301.93 ,302.93 ,302.47 ,301.73 ,301.82 ,303.5  ,303.48 ,303.16 ,300.57 ,302.3  ,301.17 ,302.84 ,301.48 ,302.13 ,302.35 ,302.38 ,298.03 ,280.07 ,257.48 ,233.65 ,219.69 ,228.88 ,250.77 ,275.61 ,293.47 ,300.04 ,302.34 ,301.33 ,304.36 ,306.03 ,308.36 ,305.54 ,304.11 ,304.22 ,304.07 ,302.88 ,304.45 ,302.52 ,306.85 ,304.65 ,303.9  ,304.56 ,306.37 ,306.54 ,306.76 , 8.48 ,17.13 ,17.88 ,16.34 ,14.73 ,12.51 ,13.3  ,13.83 ,12.32 ,10.28 ,10.27 ,17.85 ,-1.45 ,-0.06 ,-0.2  ,0.01
